date,VaR_95,VaR_99
2013-02-11,-3.3963293438185724,-5.968565379616554
2013-02-12,-3.284142041933947,-5.771412165579802
2013-02-13,-3.5960561364763586,-6.319556788093693
2013-02-14,-3.402627394458512,-5.979633307135725
2013-02-15,-3.229437662995856,-5.67527700635634
2013-02-19,-3.2347927428023766,-5.684687796860639
2013-02-20,-3.0812656354330845,-5.414885759097491
2013-02-21,-3.413188183453642,-5.998192390545138
2013-02-22,-3.2725771169879403,-5.751088456167984
2013-02-25,-3.180905648073689,-5.589988898300894
2013-02-26,-3.2909998840361028,-5.783463846911679
2013-02-27,-3.2487282488855307,-5.709177465186454
2013-02-28,-3.1773013123130913,-5.583654791251949
2013-03-01,-3.0789434834393457,-5.410804907509506
2013-03-04,-3.430681410281404,-6.028934246664595
2013-03-05,-3.6798815310276582,-6.466867987098047
2013-03-06,-3.8656188237502995,-6.793274840740119
2013-03-07,-3.7523739199535706,-6.594263041884587
2013-03-08,-3.606599417350585,-6.3380851034727685
2013-03-11,-3.40840058863969,-5.989778874138023
2013-03-12,-3.3534851907035508,-5.893272879062471
2013-03-13,-3.5365401150045437,-6.214965852018629
2013-03-14,-3.345619962926975,-5.8794508608016365
2013-03-15,-3.2311957514513043,-5.678366596566014
2013-03-18,-3.4966450480690128,-6.144855950644585
2013-03-19,-3.7449168963537898,-6.581158384359649
2013-03-20,-3.537140093640196,-6.216020229068306
2013-03-21,-3.3720018217694667,-5.925813222456525
2013-03-22,-3.2003342569354922,-5.624131912857984
2013-03-25,-3.3136513842953725,-5.82327063434527
2013-03-26,-3.1541809746328218,-5.543024088786461
2013-03-27,-3.0389567922560734,-5.3405339895620845
2013-03-28,-3.2314062848540615,-5.6787365790535
2013-04-01,-3.41854977194687,-6.007614619139863
2013-04-02,-3.9172991009127878,-6.884095571551287
2013-04-03,-3.681822685175093,-6.4702792892033525
2013-04-04,-3.48421782584023,-6.1230168764998725
2013-04-05,-3.379887505816844,-5.939671189701496
2013-04-08,-3.3012762159448634,-5.801523037482142
2013-04-09,-3.1656448418256526,-5.5631702035818895
2013-04-10,-3.0201492468442455,-5.307482405614577
2013-04-11,-3.1730229973713877,-5.57613626172812
2013-04-12,-3.0385265416572484,-5.339777885377612
2013-04-15,-3.0099548738901905,-5.289567246240763
2013-04-16,-3.322420698127626,-5.838681455159052
2013-04-17,-3.2991804342567135,-5.797839999484107
2013-04-18,-4.9995871217145185,-8.786062712484718
2013-04-19,-5.017608582854819,-8.817732865218249
2013-04-22,-4.673490971802074,-8.212995146367774
2013-04-23,-4.553646817560102,-8.002386104208796
2013-04-24,-4.4110823983024385,-7.751849430344967
2013-04-25,-4.123644958770895,-7.246719044943438
2013-04-26,-3.8870765224143042,-6.830983691798782
2013-04-29,-3.907588386941378,-6.867030373994223
2013-04-30,-4.181984346796589,-7.349242215221936
2013-05-01,-4.352741516315545,-7.649323634642314
2013-05-02,-4.111862165270101,-7.226012462558545
2013-05-03,-3.9550539402206457,-6.950444327515132
2013-05-06,-3.7643796637040072,-6.6153614275979225
2013-05-07,-3.8624870998465983,-6.787771281756898
2013-05-08,-3.650889857289853,-6.415919247252326
2013-05-09,-3.5153146879671353,-6.177665185281576
2013-05-10,-3.5044009772876015,-6.158485892247591
2013-05-13,-3.375658540513284,-5.93223938514215
2013-05-14,-3.2096302268843386,-5.6404682568311095
2013-05-15,-3.500403739086291,-6.151461315085825
2013-05-16,-4.086831910358792,-7.182025352421973
2013-05-17,-3.9212974762994377,-6.891122147154416
2013-05-20,-3.6944251471913545,-6.492426322330481
2013-05-21,-3.766367939708184,-6.618855539659006
2013-05-22,-3.5922710833171476,-6.312905095940459
2013-05-23,-3.3995291285088993,-5.974188545744324
2013-05-24,-3.22481385696193,-5.667151325416008
2013-05-28,-3.0966511048702916,-5.441923531626587
2013-05-29,-3.0258312407037793,-5.317467701033271
2013-05-30,-2.9360845435046516,-5.159750655478616
2013-05-31,-2.971749966317401,-5.222427559365159
2013-06-03,-2.8711310952260067,-5.045604215767691
2013-06-04,-2.7649344265837263,-4.858978686932409
2013-06-05,-2.686170104882311,-4.7205616030557636
2013-06-06,-2.696555383018936,-4.738812251114016
2013-06-07,-2.828638960403728,-4.9709303372559255
2013-06-10,-2.7640977701652623,-4.857508382368758
2013-06-11,-2.7200355808777044,-4.780075356619805
2013-06-12,-2.646430059050297,-4.650724129205052
2013-06-13,-2.725115902708007,-4.78900329909065
2013-06-14,-2.68947268353336,-4.72636541493755
2013-06-17,-2.788215439578323,-4.899891753391896
2013-06-18,-2.702945219027129,-4.750041478352929
2013-06-19,-2.6205342027085785,-4.605215847766442
2013-06-20,-2.9332136020525588,-5.154705384533662
2013-06-21,-3.0092520409009285,-5.288332117305167
2013-06-24,-2.9467907537715927,-5.1785652960736055
2013-06-25,-3.3982519375889324,-5.9719440645010815
2013-06-26,-3.2235589176503994,-5.664945948207242
2013-06-27,-3.181653940096404,-5.591303915017029
2013-06-28,-3.1366071241532607,-5.512140548075143
2013-07-01,-3.021860953925838,-5.310490487161743
2013-07-02,-3.557902523377235,-6.252507243954171
2013-07-03,-3.6639872480815754,-6.438936047252908
2013-07-05,-3.4708564565792366,-6.099536171914912
2013-07-08,-3.3430327699414546,-5.874904237397205
2013-07-09,-3.2063818183155766,-5.634759641158236
2013-07-10,-3.252912412750581,-5.716530537594769
2013-07-11,-3.1127400752586483,-5.470197606939217
2013-07-12,-3.131909585880983,-5.503885293221143
2013-07-15,-2.99600210262776,-5.265047236819939
2013-07-16,-2.8730982286445093,-5.049061172743943
2013-07-17,-2.790169765614066,-4.903326203215983
2013-07-18,-2.694110669226864,-4.734516014611219
2013-07-19,-2.6161820327760066,-4.597567528608868
2013-07-22,-2.7878905119195228,-4.899320739282583
2013-07-23,-2.6960859742928722,-4.737987332094789
2013-07-24,-2.8905069029505577,-5.079654439841908
2013-07-25,-4.3362366730850574,-7.6203187220060356
2013-07-26,-4.070390990686324,-7.153132776339873
2013-07-29,-3.8301934914557445,-6.731019861764208
2013-07-30,-3.732805715469594,-6.559874707891923
2013-07-31,-3.600553467187723,-6.32746020665744
2013-08-01,-3.4059837950022893,-5.9855317033328355
2013-08-02,-3.2771198603450076,-5.7590716809924025
2013-08-05,-3.218090529032283,-5.655336033595227
2013-08-06,-3.2063680173915623,-5.634735387998739
2013-08-07,-3.12821384657046,-5.497390557443818
2013-08-08,-2.988705146866538,-5.2522238757368065
2013-08-09,-2.9370604124138313,-5.161465606178841
2013-08-12,-3.0042878463321934,-5.279608251966678
2013-08-13,-3.412996587411286,-5.997855687772965
2013-08-14,-4.467498812541271,-7.850993247914029
2013-08-15,-4.328615080349363,-7.606924857649919
2013-08-16,-4.049007177953395,-7.1155537692879625
2013-08-19,-3.8353143273062984,-6.740019001858776
2013-08-20,-3.6686067353183103,-6.447054138521924
2013-08-21,-3.5915457865665137,-6.311630490141802
2013-08-22,-3.3949878771886732,-5.966207942962273
2013-08-23,-3.220373555138235,-5.659348127004703
2013-08-26,-3.084594978350723,-5.420736605368114
2013-08-27,-2.955652819575844,-5.194139115275623
2013-08-28,-3.487029260907617,-6.1279575734439975
2013-08-29,-3.311031573940867,-5.818666690557686
2013-08-30,-3.147064745044243,-5.530518328226727
2013-09-03,-3.080274469316816,-5.41314392573325
2013-09-04,-2.9478386054319996,-5.1804067462129035
2013-09-05,-3.124132694844901,-5.49021851420765
2013-09-06,-3.0300389425652687,-5.324862138119869
2013-09-09,-2.921117851047144,-5.133448823881563
2013-09-10,-2.982488191977999,-5.2412984624573475
2013-09-11,-3.2889472045854293,-5.779856554960727
2013-09-12,-4.963401330954046,-8.722471336000547
2013-09-13,-4.659549362462825,-8.188494752438126
2013-09-16,-4.501499052599354,-7.910743830135588
2013-09-17,-4.765770363619278,-8.375163042203514
2013-09-18,-4.493699102919313,-7.897036528837564
2013-09-19,-4.394685851571932,-7.723034833392206
2013-09-20,-4.234421220949555,-7.441392557547931
2013-09-23,-4.0364206365276365,-7.093434714332465
2013-09-24,-4.970963580006041,-8.73576091227969
2013-09-25,-4.628534020003339,-8.133989702868195
2013-09-26,-4.456953064803043,-7.832460597372611
2013-09-27,-4.2028102879773765,-7.385840842429809
2013-09-30,-3.9725562404858707,-6.981202128909394
2013-10-01,-3.8395321384252314,-6.747431204526354
2013-10-02,-3.9150761300954002,-6.880189016763039
2013-10-03,-3.682471995908079,-6.471420360392036
2013-10-04,-3.5930765884107005,-6.314320656484738
2013-10-07,-3.3965572112897573,-5.968965824261927
2013-10-08,-3.2761426551777366,-5.757354382008789
2013-10-09,-3.2775286760169524,-5.759790116343985
2013-10-10,-3.2009970079089376,-5.6252966033561576
2013-10-11,-3.0715493110181864,-5.397810701984601
2013-10-14,-2.9612490221370447,-5.203973644699248
2013-10-15,-2.866795606766136,-5.037985211923907
2013-10-16,-2.7756890414013533,-4.877878391635202
2013-10-17,-2.6944014901385795,-4.735027090967373
2013-10-18,-2.6406110132553167,-4.640497984518132
2013-10-21,-2.6179003951219624,-4.600587305835825
2013-10-22,-2.9939030123702026,-5.2613583844821195
2013-10-23,-2.881628874134652,-5.0640525679191235
2013-10-24,-2.836132422828654,-4.98409903082926
2013-10-25,-2.8557266698471144,-5.0185331308693195
2013-10-28,-2.871573352355436,-5.04638141972066
2013-10-29,-2.7986442766873396,-4.918218950143832
2013-10-30,-3.2301318621619886,-5.676496962576745
2013-10-31,-3.2358675338007092,-5.686576589051729
2013-11-01,-3.1004470196628695,-5.44859431155439
2013-11-04,-2.9910562898910684,-5.256355674934749
2013-11-05,-2.97861054862005,-5.234484056209356
2013-11-06,-2.866103715938466,-5.036769312279774
2013-11-07,-2.834779943571006,-4.981722241049276
2013-11-08,-2.971452065341267,-5.221904040803585
2013-11-11,-3.01885421078114,-5.305206564072391
2013-11-12,-2.903450244314124,-5.102400519900293
2013-11-13,-2.7922964094864597,-4.9070634771098245
2013-11-14,-2.6956151114185047,-4.737159857616906
2013-11-15,-2.7656856365222464,-4.860298831470228
2013-11-18,-2.7138480464103707,-4.769201645542837
2013-11-19,-2.7743528771770363,-4.875530273203974
2013-11-20,-2.680684414590583,-4.71092128321514
2013-11-21,-2.681811602665362,-4.712902155809751
2013-11-22,-2.703234595483328,-4.750550016284119
2013-11-25,-2.629627440008301,-4.621195917966213
2013-11-26,-2.5946250983570804,-4.5596842848364
2013-11-27,-2.785194857490488,-4.894583510329851
2013-11-29,-3.0854179420586845,-5.422182846942111
2013-12-02,-3.176424372487429,-5.58211369433419
2013-12-03,-3.0991227749470407,-5.446267139962678
2013-12-04,-3.4477243515020675,-6.058884789924374
2013-12-05,-3.274171186058798,-5.7538898056561765
2013-12-06,-3.1272727843292083,-5.495736774508008
2013-12-09,-3.152240431316567,-5.5396138601300065
2013-12-10,-3.089835763791751,-5.4299465397940105
2013-12-11,-2.95831349409028,-5.198814872007576
2013-12-12,-2.895265712884461,-5.088017370919651
2013-12-13,-2.7892722220416286,-4.901748898146056
2013-12-16,-2.8109272664114227,-4.939804556191954
2013-12-17,-2.7293197524777484,-4.796390966674317
2013-12-18,-2.6669976009064045,-4.686868656381017
2013-12-19,-2.6520875306614866,-4.66066633026284
2013-12-20,-2.7097274132088263,-4.761960219232518
2013-12-23,-2.671877272682503,-4.695443984942637
2013-12-24,-3.5915181372396145,-6.311581900385452
2013-12-26,-3.4113484022664493,-5.994959236987774
2013-12-27,-3.2753962671218333,-5.75604271124331
2013-12-30,-3.159055234939781,-5.5515899074613495
2013-12-31,-3.1034431325478273,-5.453859553475387
2014-01-02,-3.0527566593751922,-5.364785291715801
2014-01-03,-3.0950370161214633,-5.4390870004040135
2014-01-06,-3.347689094414834,-5.8830870648661175
2014-01-07,-3.1933886585913114,-5.611926012422194
2014-01-08,-3.0930954996540927,-5.4356750615729945
2014-01-09,-2.9786660119592994,-5.234581525133294
2014-01-10,-3.0056402695600815,-5.2819849432823345
2014-01-13,-2.926257449401551,-5.142480936405951
2014-01-14,-2.8262747309750393,-4.966775540565426
2014-01-15,-3.0064402794425287,-5.283390846775297
2014-01-16,-3.153434136507268,-5.541711627087635
2014-01-17,-3.0412983133817924,-5.344648879642472
2014-01-21,-3.393300613641962,-5.963242817448307
2014-01-22,-3.364776594336183,-5.913115913699752
2014-01-23,-3.2025702622606755,-5.6280613739383165
2014-01-24,-3.093686901592228,-5.436714366297613
2014-01-27,-3.232339479436107,-5.680376535698159
2014-01-28,-3.115577763490636,-5.4751844400831855
2014-01-29,-6.433637550876371,-11.306202215356475
2014-01-30,-5.994537831619917,-10.534546961332495
2014-01-31,-5.543365413652273,-9.741675657782194
2014-02-03,-5.13415028551299,-9.022538318798043
2014-02-04,-4.766921391444192,-8.377185809765576
2014-02-05,-4.529865556259041,-7.960593922557313
2014-02-06,-4.2487296795656775,-7.4665376368634275
2014-02-07,-3.976032768454837,-6.987311631957032
2014-02-10,-3.8347418826784905,-6.739013011908626
2014-02-11,-3.7833447046476394,-6.648689787524261
2014-02-12,-3.656236039810817,-6.425314402043722
2014-02-13,-3.450916799874303,-6.064495063517368
2014-02-14,-3.4198436577013123,-6.009888439178311
2014-02-18,-3.244308848297194,-5.7014109977211564
2014-02-19,-3.0938330614786596,-5.4369712214932475
2014-02-20,-3.169527474184588,-5.569993377288967
2014-02-21,-3.1407415478913947,-5.519406209290538
2014-02-24,-3.1079878859763683,-5.461846310714301
2014-02-25,-2.978363538751751,-5.234049971525833
2014-02-26,-2.95904128427455,-5.200093859660927
2014-02-27,-2.9194374066869817,-5.130495682117296
2014-02-28,-3.0810508230639515,-5.414508256935678
2014-03-03,-2.9562087264911576,-5.195116042550084
2014-03-04,-2.840384770184262,-4.991571926016818
2014-03-05,-2.763508756695422,-4.856473275037188
2014-03-06,-2.6719116480493623,-4.6955043947568145
2014-03-07,-2.605884072617257,-4.57947032946767
2014-03-10,-2.537507662706905,-4.459308521922071
2014-03-11,-2.4769952502217687,-4.352966570469922
2014-03-12,-2.4967837221284648,-4.387741993104592
2014-03-13,-2.442298864424915,-4.291992611203626
2014-03-14,-2.5323909829379567,-4.450316685549337
2014-03-17,-2.6077480801105146,-4.5827460573095085
2014-03-18,-2.544902684720293,-4.472304220484385
2014-03-19,-2.539791865069556,-4.4633226824352645
2014-03-20,-2.48028224576247,-4.358742997253411
2014-03-21,-2.4594946733900183,-4.322211797764674
2014-03-24,-2.4556501111410554,-4.315455526856876
2014-03-25,-2.5169394027650513,-4.423162732812621
2014-03-26,-2.546660749506966,-4.475393769099556
2014-03-27,-2.5853515166826817,-4.543387285068812
2014-03-28,-2.5428028548759913,-4.468614068428138
2014-03-31,-2.4854172104723804,-4.36776696680716
2014-04-01,-2.433902267127874,-4.277236786647061
2014-04-02,-2.452011892641913,-4.3090618757178945
2014-04-03,-2.4047326412564978,-4.225975321256747
2014-04-04,-2.423839312512753,-4.259552576297502
2014-04-07,-2.561167895099965,-4.500888012495304
2014-04-08,-2.74308052931373,-4.820573573219632
2014-04-09,-2.654015862855529,-4.6640550996101675
2014-04-10,-2.704098401621802,-4.752068032616128
2014-04-11,-2.7840609593758665,-4.8925908457953415
2014-04-14,-2.7474200572359577,-4.82819967584352
2014-04-15,-2.664827001087448,-4.683054136167892
2014-04-16,-2.6433785718176432,-4.645361574750106
2014-04-17,-2.568566180045202,-4.513889445195889
2014-04-21,-2.6010379541055384,-4.570953965992141
2014-04-22,-2.6358560909566253,-4.632141885405898
2014-04-23,-2.5610721454242364,-4.500719746069462
2014-04-24,-2.6732820056047113,-4.697912603100166
2014-04-25,-5.874704513275773,-10.32395696172154
2014-04-28,-5.449160163268878,-9.576123339647973
2014-04-29,-5.638307989871463,-9.908523721119991
2014-04-30,-5.2260011193966225,-9.183953085067554
2014-05-01,-4.859469623752286,-8.539826154496618
2014-05-02,-4.521452986166713,-7.94581002808664
2014-05-05,-4.218816187602501,-7.413968932700564
2014-05-06,-4.047143332891506,-7.112278326896132
2014-05-07,-3.880749043888621,-6.819864048959257
2014-05-08,-3.661071579392186,-6.433812174554992
2014-05-09,-3.499852405572619,-6.150492424913759
2014-05-12,-3.330504497840389,-5.852887582485651
2014-05-13,-3.2570344686668444,-5.723774464123694
2014-05-14,-3.099732205960417,-5.447338128220728
2014-05-15,-2.9625477436193903,-5.206255962841156
2014-05-16,-2.9143998805561715,-5.12164294699666
2014-05-19,-2.950901045568518,-5.185788548837327
2014-05-20,-2.926251496081096,-5.142470474292661
2014-05-21,-2.8118119717531593,-4.941359299898851
2014-05-22,-2.714839110106067,-4.7709432989175
2014-05-23,-2.629220701516497,-4.620481132963057
2014-05-27,-2.648710391241427,-4.654731488442687
2014-05-28,-2.83505921764124,-4.982213025475131
2014-05-29,-2.742917259372464,-4.820286649538114
2014-05-30,-2.8951050830491556,-5.087735086848561
2014-06-02,-2.8024638352263316,-4.924931280590447
2014-06-03,-2.755882744642931,-4.843071644360858
2014-06-04,-2.8079906971668445,-4.9346439537433335
2014-06-05,-2.799352264007538,-4.919463137082367
2014-06-06,-2.709143669890323,-4.760934373441755
2014-06-09,-2.635859358320416,-4.632147627332675
2014-06-10,-2.7534885956314574,-4.838864268262444
2014-06-11,-2.6828121410417793,-4.71466045958713
2014-06-12,-2.624048242796459,-4.611391273023502
2014-06-13,-2.821594322225555,-4.958550388409476
2014-06-16,-2.8384939703395013,-4.988249114430904
2014-06-17,-2.803788900784372,-4.9272598946955055
2014-06-18,-2.7097304056885623,-4.761965478089696
2014-06-19,-2.624487676025476,-4.6121635143734565
2014-06-20,-2.5688080850810113,-4.514314558862947
2014-06-23,-2.618722616423181,-4.602032242735649
2014-06-24,-2.549377707211016,-4.480168435525765
2014-06-25,-2.5320582119739288,-4.4497318879475225
2014-06-26,-2.47234980641013,-4.344802864215238
2014-06-27,-2.4452341249926235,-4.29715091383893
2014-06-30,-2.508881146832421,-4.409001495043638
2014-07-01,-2.5327306885553376,-4.450913669817323
2014-07-02,-2.4996880692670587,-4.392845969788523
2014-07-03,-2.4465249347861064,-4.299419328313832
2014-07-07,-2.422648285047311,-4.257459515060863
2014-07-08,-2.7198131004006516,-4.7796843788498204
2014-07-09,-2.6803969183133343,-4.710416049430825
2014-07-10,-2.5995103077766215,-4.568269345018128
2014-07-11,-2.5496280495163925,-4.4806083764931035
2014-07-14,-2.488263293089231,-4.372768551887647
2014-07-15,-2.564769148918119,-4.507216703469094
2014-07-16,-2.64456315907913,-4.647443318245009
2014-07-17,-2.607368750289228,-4.582079439143368
2014-07-18,-2.8422029946661214,-4.994767196732996
2014-07-21,-2.8840110701022885,-5.06823893824442
2014-07-22,-2.8058953429812954,-4.9309616670202665
2014-07-23,-2.752515570038698,-4.837154314286103
2014-07-24,-3.1468301098385267,-5.5301059902512515
2014-07-25,-3.0082732266130323,-5.286611990521102
2014-07-28,-2.9077550557542047,-5.109965613248442
2014-07-29,-2.926144013241907,-5.142281588502167
2014-07-30,-2.855867070110282,-5.018779864346906
2014-07-31,-2.7594042374470917,-4.849260166705941
2014-08-01,-3.2437531927859364,-5.700434512253539
2014-08-04,-3.103411615816061,-5.453804167305479
2014-08-05,-2.998531000022756,-5.2694914140219655
2014-08-06,-2.901417291098022,-5.098827893998719
2014-08-07,-2.7955046661866896,-4.912701531589072
2014-08-08,-2.7288177495822965,-4.795508768041928
2014-08-11,-2.6437171959425774,-4.64595665844906
2014-08-12,-2.6967247274640918,-4.7391098498714594
2014-08-13,-2.6144506731925903,-4.594524910587135
2014-08-14,-2.6736760248244,-4.698605035793071
2014-08-15,-2.596144892064035,-4.562355105945076
2014-08-18,-2.5413342937505567,-4.466033281288907
2014-08-19,-2.590273576334524,-4.552037104288454
2014-08-20,-2.6663924690623393,-4.685805223301076
2014-08-21,-2.58751257665367,-4.54718504035706
2014-08-22,-2.520336579288443,-4.429132786989747
2014-08-25,-2.5000769552679465,-4.393529381580062
2014-08-26,-2.4465155643012335,-4.299402861020487
2014-08-27,-2.450943791812221,-4.307184840545896
2014-08-28,-2.521875259056241,-4.431836797662067
2014-08-29,-2.463717877341595,-4.329633477567993
2014-09-02,-2.416320269674276,-4.246338928788534
2014-09-03,-2.418640565914959,-4.2504165191546734
2014-09-04,-3.813997356037773,-6.702557459166172
2014-09-05,-3.6439801092953066,-6.403776348702989
2014-09-08,-3.4785598896797967,-6.113073859062914
2014-09-09,-3.328865375048012,-5.85000705749495
2014-09-10,-3.178371590605588,-5.585535653004881
2014-09-11,-3.6228103836512293,-6.366573569236037
2014-09-12,-3.4280769166153227,-6.0243572197767
2014-09-15,-3.250616572812571,-5.712495925699404
2014-09-16,-3.0949577832837303,-5.438947759969901
2014-09-17,-3.0140111307163795,-5.296695540234891
2014-09-18,-2.9176107973909278,-5.127285676283687
2014-09-19,-2.804911404959381,-4.929232536002989
2014-09-22,-2.77611191546196,-4.878621532603749
2014-09-23,-2.6816074487940207,-4.712543384440648
2014-09-24,-2.781224399163004,-4.887605994984421
2014-09-25,-2.764331143685014,-4.857918503110742
2014-09-26,-3.7954870096582827,-6.670028160213933
2014-09-29,-4.046981483345114,-7.111993899356425
2014-09-30,-3.828206295403533,-6.727527647564979
2014-10-01,-3.6208999715315016,-6.363216291868528
2014-10-02,-3.600054131184433,-6.326582694708414
2014-10-03,-3.4272807936299436,-6.022958146952065
2014-10-06,-3.2585727332456047,-5.726477745160378
2014-10-07,-3.101440578895384,-5.450340350479789
2014-10-08,-3.0356744590134386,-5.3347657561038035
2014-10-09,-3.195186530074191,-5.615085515639762
2014-10-10,-3.046532207138063,-5.353846702913387
2014-10-13,-2.92721564747897,-5.144164833134665
2014-10-14,-2.8944071838947147,-5.086508628425369
2014-10-15,-2.89278505103408,-5.083657960821315
2014-10-16,-2.923843140181882,-5.1382381316112875
2014-10-17,-2.968161133407594,-5.216120696369765
2014-10-20,-2.992909885714077,-5.25961310574815
2014-10-21,-3.1794497804578534,-5.587430418197957
2014-10-22,-3.5010243479365237,-6.152551946801069
2014-10-23,-3.325227590338001,-5.843614168678621
2014-10-24,-3.3569574792441603,-5.8993749319182225
2014-10-27,-3.1924890910897594,-5.61034515058494
2014-10-28,-3.0459907095937,-5.352895098057305
2014-10-29,-3.0750780793128185,-5.404012009968576
2014-10-30,-2.957549591873282,-5.1974724225969835
2014-10-31,-2.853391327667352,-5.014429099406924
2014-11-03,-2.808600268195566,-4.935715188058422
2014-11-04,-2.827640063880094,-4.969174918801106
2014-11-05,-2.7831100376382323,-4.8909197361980645
2014-11-06,-2.68943199211299,-4.726293905558369
2014-11-07,-2.612136537279948,-4.590458146120649
2014-11-10,-2.544036836487496,-4.47078261546228
2014-11-11,-2.4887642135438295,-4.373648848284315
2014-11-12,-2.4814468634438294,-4.360789647053762
2014-11-13,-2.5858863477922567,-4.544327174614671
2014-11-14,-2.66934075035786,-4.6909864080121055
2014-11-17,-2.6955404482549525,-4.737028647734707
2014-11-18,-2.6182279006479816,-4.601162850179835
2014-11-19,-2.6716459132150856,-4.695037403610944
2014-11-20,-2.646283384450539,-4.650466369474012
2014-11-21,-2.722319686619848,-4.784089347336209
2014-11-24,-2.6354573989885193,-4.631441241022778
2014-11-25,-2.8185488686873637,-4.953198437313696
2014-11-26,-2.7951422428609685,-4.912064624182373
2014-11-28,-2.7970258234662517,-4.9153747489825115
2014-12-01,-2.7016214886760452,-4.7477152106840395
2014-12-02,-3.4829188995314126,-6.1207341984045955
2014-12-03,-3.313363817951662,-5.822765277429121
2014-12-04,-3.2255972460089963,-5.668528020156642
2014-12-05,-3.0886904763572645,-5.427933860151022
2014-12-08,-2.973345756851395,-5.225231934079776
2014-12-09,-3.2762492550672158,-5.75754171614085
2014-12-10,-3.2621271376284953,-5.732724104920361
2014-12-11,-3.3902052791046833,-5.957803207596819
2014-12-12,-3.2269116882536784,-5.670837965300623
2014-12-15,-3.306398485890063,-5.810524697793918
2014-12-16,-3.2975452728323793,-5.79496643603387
2014-12-17,-3.2893185154780347,-5.780509081001145
2014-12-18,-3.51591710014988,-6.17872383894387
2014-12-19,-3.837074116598993,-6.74311158104781
2014-12-22,-3.6576919488938207,-6.427872955019304
2014-12-23,-3.509506928731857,-6.1674588751167745
2014-12-24,-3.334837125659042,-5.860501559159687
2014-12-26,-3.190677860404795,-5.607162170471291
2014-12-29,-3.242054959943708,-5.697450109764098
2014-12-30,-3.0883418339962763,-5.4273211708282245
2014-12-31,-3.0848658867828753,-5.421212688375826
2015-01-02,-3.2492394460952414,-5.710075821517412
2015-01-05,-3.1732665065625287,-5.576564194469833
2015-01-06,-3.626599564810208,-6.373232515761272
2015-01-07,-3.424572966858056,-6.018199526839411
2015-01-08,-3.3632404488522925,-5.910416356670664
2015-01-09,-4.048158392567969,-7.114062149791345
2015-01-12,-3.7971025297447594,-6.672867206808684
2015-01-13,-3.981343083826166,-6.996643755338366
2015-01-14,-3.7758862799574975,-6.635582667782449
2015-01-15,-3.5704656663367866,-6.274585179435908
2015-01-16,-3.8859115926570547,-6.8289364935694765
2015-01-20,-3.700878431829597,-6.5037670515052675
2015-01-21,-3.863579972657183,-6.789691850159209
2015-01-22,-3.661392562067345,-6.434376255917095
2015-01-23,-3.8395413560579903,-6.747447403203866
2015-01-26,-3.6234115802368425,-6.367630086659403
2015-01-27,-3.421292319027692,-6.012434255253291
2015-01-28,-4.081023378165136,-7.171817683892846
2015-01-29,-5.294768497640096,-9.304801963807186
2015-01-30,-5.306891887888121,-9.326107096493933
2015-02-02,-5.034756742707359,-8.847868315246464
2015-02-03,-4.742103302897921,-8.333571551815261
2015-02-04,-4.415762234165896,-7.760073575735272
2015-02-05,-4.1489715234682985,-7.291226877351582
2015-02-06,-3.8895677549388545,-6.8353616783523155
2015-02-09,-3.711431785856806,-6.522313069016873
2015-02-10,-3.5200242516379725,-6.185941573061818
2015-02-11,-3.5482943091045076,-6.235622175027475
2015-02-12,-3.677195838667127,-6.462148265062685
2015-02-13,-3.557020626155794,-6.250957435118979
2015-02-17,-3.3734017127359173,-5.928273331566026
2015-02-18,-3.2188402782565118,-5.6566536111356
2015-02-19,-3.0924760030237777,-5.434586384425939
2015-02-20,-2.9627632757144107,-5.206634729818768
2015-02-23,-2.884082977254868,-5.068365304829632
2015-02-24,-3.277721825958773,-5.760129549873281
2015-02-25,-3.1554370737368935,-5.54523150416553
2015-02-26,-3.5168612802067005,-6.180383100996744
2015-02-27,-3.418841080329446,-6.008126552156665
2015-03-02,-3.4184795732374655,-6.007491254900348
2015-03-03,-3.2519771443466885,-5.714886936503408
2015-03-04,-3.095994298860158,-5.440769288555213
2015-03-05,-2.9998453065337025,-5.271801120633228
2015-03-06,-3.1136840366720473,-5.4718564847574
2015-03-09,-2.9745062719859114,-5.2272713742380175
2015-03-10,-2.862031225419714,-5.0296124898817105
2015-03-11,-3.1275709423830547,-5.496260744847068
2015-03-12,-3.2608587128705433,-5.730495028959062
2015-03-13,-3.3088750956007336,-5.814876986833505
2015-03-16,-3.189703698469717,-5.605450219535075
2015-03-17,-3.1151150527114098,-5.474371291752123
2015-03-18,-3.1585122789368056,-5.550635739571858
2015-03-19,-3.092289682837972,-5.434258953220675
2015-03-20,-3.011898491198984,-5.292982877001544
2015-03-23,-3.0276025758568346,-5.320580570428421
2015-03-24,-2.968526820668483,-5.216763339677924
2015-03-25,-2.8683670674466573,-5.040746830384218
2015-03-26,-3.3271697708961425,-5.847027274554641
2015-03-27,-3.1868999763698294,-5.600523077033446
2015-03-30,-3.097864648021557,-5.444056160976121
2015-03-31,-3.379062304785697,-5.938221016350465
2015-04-01,-3.3934411453520523,-5.96348978192515
2015-04-02,-3.2230287502003283,-5.664014254379124
2015-04-06,-3.112921134567295,-5.470515792901722
2015-04-07,-3.145077417299455,-5.527025882596541
2015-04-08,-3.1013002159136316,-5.450093682518983
2015-04-09,-2.977082374966787,-5.2317985085378655
2015-04-10,-2.890980820480211,-5.080487282441649
2015-04-13,-2.7898743925776666,-4.902807127148658
2015-04-14,-2.7006638468517945,-4.746032291491089
2015-04-15,-2.6410392744957822,-4.641250592688457
2015-04-16,-2.5727723401420635,-4.521281172850612
2015-04-17,-2.5372862484758216,-4.458919417927605
2015-04-20,-2.6121891735324536,-4.59055064684205
2015-04-21,-2.933285062510524,-5.154830966116672
2015-04-22,-2.850206283808587,-5.008831838192376
2015-04-23,-2.871924279253102,-5.046998123791481
2015-04-24,-2.806870473493824,-4.932675320093482
2015-04-27,-2.720024600417868,-4.780056060024629
2015-04-28,-2.8762792054535606,-5.054651286697532
2015-04-29,-2.9932651828483983,-5.260237489887823
2015-04-30,-3.0613828062093833,-5.379944516909244
2015-05-01,-3.505259307054085,-6.159994284635347
2015-05-04,-3.853814031694652,-6.7725295990264005
2015-05-05,-3.6300777726835136,-6.379344971001664
2015-05-06,-3.785141150752626,-6.651846785843074
2015-05-07,-3.5976375396209255,-6.322335879019329
2015-05-08,-3.3993168364043047,-5.973815472588697
2015-05-11,-3.440252335484344,-6.045753785358961
2015-05-12,-3.346794333027462,-5.88151464909042
2015-05-13,-3.192942729150459,-5.611142354904626
2015-05-14,-3.0434493602050186,-5.348429038248823
2015-05-15,-3.2756671392889256,-5.756518730520343
2015-05-18,-3.1197621807284546,-5.482537957758074
2015-05-19,-3.055924177890751,-5.3703517546342665
2015-05-20,-2.926683501918493,-5.143229663059078
2015-05-21,-2.812581917588812,-4.942712370108965
2015-05-22,-2.784162962574173,-4.892770101896971
2015-05-26,-2.7395874361956243,-4.814434959280306
2015-05-27,-3.081340066844758,-5.41501656170875
2015-05-28,-3.1778524172296407,-5.584623279697111
2015-05-29,-3.036811614885139,-5.336764145682662
2015-06-01,-3.0259242762099987,-5.317631197692541
2015-06-02,-2.898688679746794,-5.094032747946405
2015-06-03,-2.8109746669698494,-4.939887855926274
2015-06-04,-2.711743192644338,-4.765502664659265
2015-06-05,-2.666235228035448,-4.685528894578401
2015-06-08,-2.6236530304324024,-4.6106967435492034
2015-06-09,-2.601600184826621,-4.571942006455094
2015-06-10,-2.54560388528711,-4.473536480669896
2015-06-11,-2.5827583917951342,-4.53883023719093
2015-06-12,-2.524903046941616,-4.437157703887595
2015-06-15,-2.5975910669332456,-4.56489655242551
2015-06-16,-2.5359684230871142,-4.456603527389565
2015-06-17,-2.4935659148941713,-4.382087154921175
2015-06-18,-2.449735914353658,-4.305062167844817
2015-06-19,-2.4146769902059217,-4.243451099031474
2015-06-22,-2.4867350861423785,-4.370082945707413
2015-06-23,-2.4795438387548265,-4.357445352044207
2015-06-24,-2.4559874432564435,-4.31604834003296
2015-06-25,-2.460942897301969,-4.324756845146058
2015-06-26,-2.4426506859324424,-4.292610887423939
2015-06-29,-2.4406389038910135,-4.289075466848292
2015-06-30,-2.7058970796922006,-4.755228953296449
2015-07-01,-2.654801313440176,-4.665435417209654
2015-07-02,-2.639086323344296,-4.637818559027747
2015-07-06,-2.5681812698973845,-4.513213020400188
2015-07-07,-2.521052725901819,-4.430391312724628
2015-07-08,-2.473725676627065,-4.34722076027664
2015-07-09,-2.997807606697115,-5.2682201532217965
2015-07-10,-3.222624196127594,-5.663303308181547
2015-07-13,-3.5197467812244096,-6.185453958305825
2015-07-14,-3.550229019457406,-6.239022153081109
2015-07-15,-3.3580244303354254,-5.901249946588593
2015-07-16,-3.2412093816532983,-5.6959641262804634
2015-07-17,-3.1959701177547304,-5.61646255945045
2015-07-20,-3.089898311024878,-5.430056457653099
2015-07-21,-3.1895801074472985,-5.605233025905434
2015-07-22,-3.1301394856344076,-5.500774593998351
2015-07-23,-4.227312684893895,-7.428900317277185
2015-07-24,-3.95745211778091,-6.954658783214612
2015-07-27,-3.740477937649342,-6.573357546289238
2015-07-28,-3.66677595519503,-6.443836803053152
2015-07-29,-3.470201019020699,-6.098384333702429
2015-07-30,-3.2981343284955487,-5.79600161751421
2015-07-31,-3.1615750787049905,-5.556018174197745
2015-08-03,-3.087042952295718,-5.425038571125614
2015-08-04,-3.3953716287567195,-5.966882331718942
2015-08-05,-3.9412010523949004,-6.92609984901662
2015-08-06,-3.722061279097868,-6.540992890358974
2015-08-07,-3.5153732773058777,-6.17776814770466
2015-08-10,-3.330226359547928,-5.852398794027562
2015-08-11,-3.943455350596815,-6.930061457223954
2015-08-12,-5.222952044929278,-9.1785947707042
2015-08-13,-4.9427694860740825,-8.68621380541321
2015-08-14,-4.596493240691992,-8.077682593994407
2015-08-17,-4.305002117321805,-7.565428436258114
2015-08-18,-4.07495150876277,-7.161147237703501
2015-08-19,-3.8468403771740682,-6.7602743938541705
2015-08-20,-3.7375633499600327,-6.568235573295092
2015-08-21,-3.8155362786032008,-6.705261896520765
2015-08-24,-5.63069127276887,-9.895138424995041
2015-08-25,-5.506479673653727,-9.67685422014466
2015-08-26,-5.1122469980466265,-8.984046408845474
2015-08-27,-6.026219537193773,-10.590223049224113
2015-08-28,-5.884141743226592,-10.340541550040824
2015-08-31,-5.442812018634322,-9.56496737906377
2015-09-01,-5.057955339786279,-8.888636547465438
2015-09-02,-5.661915031007206,-9.95000973562987
2015-09-03,-5.932126510124554,-10.424867947590405
2015-09-04,-5.626977029465726,-9.88861117108459
2015-09-08,-5.261675515220635,-9.246645757744153
2015-09-09,-5.200285899707447,-9.13876224683351
2015-09-10,-5.018880969938099,-8.819968904402304
2015-09-11,-4.871059405100553,-8.560193545497285
2015-09-14,-4.622408762653587,-8.123225434960695
2015-09-15,-4.348066608575747,-7.64110814972786
2015-09-16,-4.09484925503654,-7.196114694483912
2015-09-17,-3.8385645835855926,-6.745730864619902
2015-09-18,-3.921168564606482,-6.890895603203664
2015-09-21,-3.700465687032654,-6.503041711275783
2015-09-22,-3.6239143496486808,-6.368513632335233
2015-09-23,-3.6053277866754296,-6.335850393568323
2015-09-24,-3.4394821293863655,-6.044400257774856
2015-09-25,-3.2768631225618807,-5.758620500883265
2015-09-28,-3.125611914614657,-5.492818032397097
2015-09-29,-3.303954348318358,-5.806229473916395
2015-09-30,-3.7948425805621806,-6.668895667807208
2015-10-01,-3.640940921554389,-6.398435408854028
2015-10-02,-3.47395245781934,-6.104976953401714
2015-10-05,-3.3175250624671704,-5.830078072343015
2015-10-06,-3.157605813668456,-5.549042755891302
2015-10-07,-3.0237209195202217,-5.313759111941645
2015-10-08,-2.9216819495270947,-5.134440146664866
2015-10-09,-2.933427039331703,-5.155080470170552
2015-10-12,-3.209686895774179,-5.64056784433861
2015-10-13,-3.0813707974435096,-5.415070566361785
2015-10-14,-2.9465640016447385,-5.178166811487133
2015-10-15,-3.009783344826405,-5.289265808327041
2015-10-16,-3.033955162698036,-5.331744337558488
2015-10-19,-2.958693949001842,-5.199483467359728
2015-10-20,-2.8616913663722774,-5.029015235982241
2015-10-21,-2.9902465404135827,-5.254932655489866
2015-10-22,-2.8677217858762485,-5.039612839875242
2015-10-23,-2.92420163529148,-5.138868135737302
2015-10-26,-3.450555213227471,-6.063859626454722
2015-10-27,-3.9740311262681454,-6.983794030732754
2015-10-28,-3.7638655456446775,-6.61445793828952
2015-10-29,-4.438407954373587,-7.799870205550959
2015-10-30,-4.1946190506178285,-7.371445908731935
2015-11-02,-3.979786191337116,-6.993907738400892
2015-11-03,-3.8390280337572738,-6.7465453123279575
2015-11-04,-3.680593276708699,-6.468118778820788
2015-11-05,-3.4923829369918877,-6.137365897106252
2015-11-06,-3.3722643256335654,-5.926274535632212
2015-11-09,-3.2004223630250013,-5.624286746769052
2015-11-10,-3.068653380379203,-5.39272151610071
2015-11-11,-3.6873225467603308,-6.479944513075141
2015-11-12,-3.5063344538373182,-6.161883702067756
2015-11-13,-3.330947786929557,-5.853666599960969
2015-11-16,-3.7815562830707976,-6.645546891171431
2015-11-17,-3.707821554262278,-6.515968600879023
2015-11-18,-3.513431497156833,-6.174355745490631
2015-11-19,-3.9041341616693916,-6.860960064761906
2015-11-20,-3.7536864742866873,-6.596569669292721
2015-11-23,-3.543886453781101,-6.2278759967219095
2015-11-24,-3.483036212739044,-6.120940359668348
2015-11-25,-3.3488156239866202,-5.8850667802354515
2015-11-27,-3.226961400462204,-5.670925327430944
2015-11-30,-3.079009580796678,-5.410921064206552
2015-12-01,-2.952070496069705,-5.187843691630609
2015-12-02,-2.899794552088403,-5.095976161174105
2015-12-03,-2.8697178781563624,-5.043120687928697
2015-12-04,-2.848629570674685,-5.006060989292896
2015-12-07,-3.486617740648649,-6.1272343851657
2015-12-08,-3.3372428873467377,-5.8647293428835825
2015-12-09,-3.1710230369076005,-5.572621615892466
2015-12-10,-3.409885173796304,-5.99238782123115
2015-12-11,-3.2436531722415145,-5.7002587403838945
2015-12-14,-3.5888844710960184,-6.306953607020809
2015-12-15,-3.4251823388379568,-6.019270411354532
2015-12-16,-3.4872235005516634,-6.1282989219698445
2015-12-17,-3.3325959554897895,-5.856563021601079
2015-12-18,-3.5091502717217313,-6.166832101188943
2015-12-21,-3.8366505757742075,-6.7423672683361255
2015-12-22,-3.689077943450089,-6.483029372889768
2015-12-23,-3.481524433189799,-6.118283622301091
2015-12-24,-3.3925428665247312,-5.9619111847494235
2015-12-28,-3.246284647330469,-5.7048831832818845
2015-12-29,-3.19861999524183,-5.621119341943736
2015-12-30,-3.2554488933755326,-5.720988041244027
2015-12-31,-3.2415223349383586,-5.6965140971323915
2016-01-04,-3.378748513536886,-5.937669572896524
2016-01-05,-3.2060825364452703,-5.634233695871715
2016-01-06,-3.536672253766959,-6.215198067084607
2016-01-07,-3.6267526575421,-6.373501554445964
2016-01-08,-4.541561041498238,-7.98114707310013
2016-01-11,-4.246452294520678,-7.462535456815612
2016-01-12,-4.1031175269929845,-7.210645005520534
2016-01-13,-3.952530785244388,-6.946010241796647
2016-01-14,-4.137614995572898,-7.271269396092438
2016-01-15,-4.122004559567037,-7.243836276841246
2016-01-19,-4.224077309652122,-7.423214605821297
2016-01-20,-3.9728041420438873,-6.98163778061067
2016-01-21,-3.7303445615168394,-6.55554958014686
2016-01-22,-3.5391731503762425,-6.219593036891448
2016-01-25,-4.802338637775037,-8.439426578811243
2016-01-26,-4.68305301807221,-8.229799081601586
2016-01-27,-4.373653702877201,-7.686073825830678
2016-01-28,-6.20217048131959,-10.89943178822098
2016-01-29,-5.742462766609424,-10.09156091558151
2016-02-01,-5.764184367876656,-10.129733537900778
2016-02-02,-5.378245405124997,-9.451500746396881
2016-02-03,-5.191292798529679,-9.122958151614442
2016-02-04,-4.980660373574663,-8.752801646710322
2016-02-05,-4.63030084320801,-8.137094643156303
2016-02-08,-4.713928090537624,-8.284057626623323
2016-02-09,-4.437471035305026,-7.798223703651403
2016-02-10,-4.14418305940086,-7.282811833355196
2016-02-11,-3.9252885849144277,-6.898135952440724
2016-02-12,-3.718504651516639,-6.534742623644368
2016-02-16,-3.5082181014530325,-6.165193944629188
2016-02-17,-3.7854619539621575,-6.652410551819882
2016-02-18,-3.6927882982719242,-6.489549793347815
2016-02-19,-3.7384521812770433,-6.569797567816231
2016-02-22,-3.5295936212506236,-6.202758378027678
2016-02-23,-3.379809626723977,-5.939534328281289
2016-02-24,-3.589272703227939,-6.307635869730712
2016-02-25,-3.5182913801492806,-6.182896298081771
2016-02-26,-3.3526062272039034,-5.891728225825737
2016-02-29,-3.183414624878489,-5.594398067901198
2016-03-01,-3.0428826885339535,-5.347433193448412
2016-03-02,-3.8865608569511627,-6.830077483148442
2016-03-03,-3.654797080234436,-6.422785635413392
2016-03-04,-3.4767253317843627,-6.109849884697319
2016-03-07,-3.4226563761291438,-6.014831391445741
2016-03-08,-3.3459438156998957,-5.880019985952019
2016-03-09,-3.2380609635688327,-5.690431229650842
2016-03-10,-3.0828478648030253,-5.417666301996614
2016-03-11,-2.9475549352673736,-5.179908236276905
2016-03-14,-2.906211716571286,-5.107253414317282
2016-03-15,-2.7961008688357287,-4.913749272879759
2016-03-16,-2.9884313569983547,-5.25174272901542
2016-03-17,-2.983184566454732,-5.242522241476494
2016-03-18,-2.8659340812811074,-5.036471203515694
2016-03-21,-2.75918132963116,-4.848868437948705
2016-03-22,-2.6679388210962274,-4.688522716888959
2016-03-23,-2.6277770189121257,-4.617944066283322
2016-03-24,-2.591608747738919,-4.554383477979989
2016-03-28,-2.548436371698853,-4.478514172355226
2016-03-29,-2.5139840164191525,-4.417969061986902
2016-03-30,-2.8893295113538837,-5.0775853417036645
2016-03-31,-2.992196915042661,-5.258360161279193
2016-04-01,-2.898701262298858,-5.094054859990625
2016-04-04,-2.8421624457344246,-4.994695937757377
2016-04-05,-2.8097720485066975,-4.937774425161051
2016-04-06,-2.845806544139538,-5.0010999219941406
2016-04-07,-2.8158498868889614,-4.948455360982928
2016-04-08,-3.130401055808659,-5.501234266347034
2016-04-11,-2.988857096865439,-5.252490906230927
2016-04-12,-2.8701483186810295,-5.043877125880803
2016-04-13,-2.879802399764426,-5.060842799198452
2016-04-14,-2.916803132462226,-5.125866320136571
2016-04-15,-2.8033120006158496,-4.926421810532509
2016-04-18,-3.0628293333671,-5.382486582486582
2016-04-19,-3.310260407650211,-5.817311475571626
2016-04-20,-3.1744412353409213,-5.578628613083981
2016-04-21,-3.028201800644561,-5.3216336226976715
2016-04-22,-3.008401295713249,-5.286837053735051
2016-04-25,-2.8933991389567932,-5.084737132934648
2016-04-26,-2.8189313169007995,-4.95387053561016
2016-04-27,-2.7708183817609413,-4.869318900619241
2016-04-28,-5.183868716727538,-9.10991138460984
2016-04-29,-5.276032872074978,-9.271876768753021
2016-05-02,-4.966469297807252,-8.727862851042863
2016-05-03,-4.618241603940281,-8.115902246686014
2016-05-04,-4.4288012394016185,-7.782987771431932
2016-05-05,-4.207089357661012,-7.393360698305152
2016-05-06,-4.009086059696668,-7.045398086425128
2016-05-09,-3.788336432529677,-6.657462038741718
2016-05-10,-3.566929366968537,-6.268370636662042
2016-05-11,-3.394507263845369,-5.965363333423141
2016-05-12,-3.3008394209219505,-5.800755432403886
2016-05-13,-3.554914711701442,-6.247256590226668
2016-05-16,-3.3616790109541173,-5.907672351823657
2016-05-17,-3.9953381367903518,-7.021238068831539
2016-05-18,-3.7661130027680008,-6.618407524275006
2016-05-19,-3.617001428027832,-6.356365156589412
2016-05-20,-3.430770314101014,-6.029090482472764
2016-05-23,-3.319153339004481,-5.832939536584321
2016-05-24,-3.251581797110872,-5.71419217001119
2016-05-25,-3.2403603806058165,-5.6944721277884796
2016-05-26,-3.280369914923146,-5.764783189292458
2016-05-27,-3.155235823085802,-5.544877834792766
2016-05-31,-3.0122994665183365,-5.29368753404946
2016-06-01,-2.912952460331624,-5.119099311981489
2016-06-02,-2.9797322923962324,-5.236455361224138
2016-06-03,-2.91491945818071,-5.122556030713787
2016-06-06,-2.802543295136342,-4.925070920071765
2016-06-07,-2.7376646696883373,-4.811055970835218
2016-06-08,-2.6568354720849605,-4.669010161480554
2016-06-09,-2.5820928438251958,-4.537660631369551
2016-06-10,-2.5499650514186722,-4.481200609366653
2016-06-13,-2.5644833857988942,-4.5067145154633055
2016-06-14,-2.7282062212897036,-4.7944340941141865
2016-06-15,-2.6404302922316965,-4.6401803930434085
2016-06-16,-2.580924740701982,-4.535607856401269
2016-06-17,-2.5238004492670036,-4.435220045421017
2016-06-20,-2.9512435584715027,-5.186390466510167
2016-06-21,-2.8421281308802038,-4.9946356342855465
2016-06-22,-2.7857626658093344,-4.895581352626945
2016-06-23,-2.7086918760591523,-4.760140410092953
2016-06-24,-2.6436232338036985,-4.64579153336479
2016-06-27,-3.2505764754394297,-5.71242546027367
2016-06-28,-3.269320608800217,-5.745365606567706
2016-06-29,-3.288151848104256,-5.778458829158126
2016-06-30,-3.16958800378538,-5.570099749446422
2016-07-01,-3.124948868181351,-5.491652822670275
2016-07-05,-2.9874310077722592,-5.249984757642807
2016-07-06,-2.949241495597182,-5.182872125987263
2016-07-07,-2.84933537719563,-5.007301343787163
2016-07-08,-2.754113690628406,-4.839962783741972
2016-07-11,-2.7015142508404257,-4.747526755452444
2016-07-12,-2.6214824328862325,-4.6068822273301775
2016-07-13,-2.5602985355029766,-4.49936023675045
2016-07-14,-2.536149605745721,-4.456921930122067
2016-07-15,-2.7803809258770853,-4.886123710746548
2016-07-18,-2.6862111338224044,-4.720633705577814
2016-07-19,-2.6846992815122626,-4.7179768403436375
2016-07-20,-2.603221468631241,-4.57479118196406
2016-07-21,-2.5331294119752528,-4.45161436947252
2016-07-22,-2.509279652906271,-4.409701812744063
2016-07-25,-2.5229107916666056,-4.43365659882444
2016-07-26,-2.650656145766469,-4.6581508750568075
2016-07-27,-2.6280285040234146,-4.618386015569384
2016-07-28,-4.914007952394871,-8.635669503961749
2016-07-29,-4.646626339374827,-8.165784378856898
2016-08-01,-4.3326529823119,-7.614020895583857
2016-08-02,-4.202429551872207,-7.38517175291992
2016-08-03,-4.078000573855038,-7.166505535591492
2016-08-04,-3.9023311444175346,-6.857791518587821
2016-08-05,-3.6678122235522412,-6.445657897185881
2016-08-08,-3.590670424826199,-6.310092166484412
2016-08-09,-3.4283007924293236,-6.024750649652755
2016-08-10,-3.256397742479066,-5.722655508481896
2016-08-11,-3.1507980317496402,-5.5370790482059515
2016-08-12,-3.0085504888984396,-5.2870992395214875
2016-08-15,-2.8842738259825023,-5.068700694302557
2016-08-16,-2.873312023814125,-5.049436887322394
2016-08-17,-2.7683797652498887,-4.865033379219933
2016-08-18,-2.6798916576220657,-4.7095281256860115
2016-08-19,-2.603192737164512,-4.5747406905009935
2016-08-22,-2.5354863497953772,-4.455756352198874
2016-08-23,-2.545079589731653,-4.472615105860742
2016-08-24,-2.4878676123619234,-4.372073199331605
2016-08-25,-2.5018453862291548,-4.396637147271432
2016-08-26,-2.4718847454262343,-4.343985585734003
2016-08-29,-2.4646924846906013,-4.331346211255787
2016-08-30,-2.4190458575924105,-4.251128761587548
2016-08-31,-2.4473309990348926,-4.300835871493841
2016-09-01,-2.400264485040311,-4.218123172715503
2016-09-02,-2.3843255644879235,-4.190112788631113
2016-09-06,-2.4145779261927416,-4.243277008129333
2016-09-07,-2.3739229304597202,-4.1718316400638935
2016-09-08,-2.364130754726684,-4.154623285056246
2016-09-09,-2.9824110218135162,-5.241162846877867
2016-09-12,-3.284498678948752,-5.772038904368703
2016-09-13,-3.4378401496389372,-6.041514712092318
2016-09-14,-3.5990087062811855,-6.324745509249391
2016-09-15,-4.099593157104731,-7.204451427109688
2016-09-16,-4.427979504042529,-7.781543688506231
2016-09-19,-4.158925167663052,-7.308718990196867
2016-09-20,-3.9888079254651125,-7.0097621519542965
2016-09-21,-3.7450834302968254,-6.58145104405967
2016-09-22,-3.529486246964048,-6.20256968300295
2016-09-23,-3.3870805628365055,-5.952311963535546
2016-09-26,-3.430655436399184,-6.028888601263782
2016-09-27,-3.2518703681815033,-5.714699292591885
2016-09-28,-3.095547790441438,-5.4399846135664545
2016-09-29,-2.9923792151364306,-5.258680527744935
2016-09-30,-3.0809454918965624,-5.414323152402097
2016-10-03,-2.9813515395007073,-5.239300957522508
2016-10-04,-2.8845406421269733,-5.0691695856971775
2016-10-05,-2.784314606769351,-4.893036594984576
2016-10-06,-2.688887549776633,-4.725337125649527
2016-10-07,-2.643032593501884,-4.644753567107591
2016-10-10,-2.567490671400535,-4.511999391843519
2016-10-11,-2.7366707498100133,-4.809309298126142
2016-10-12,-2.6489093469068647,-4.655081124704839
2016-10-13,-2.6281447149543475,-4.618590239738739
2016-10-14,-2.568875383195688,-4.514432825720106
2016-10-17,-2.5230700426365087,-4.4339364597358575
2016-10-18,-2.4671273084872287,-4.335625067499357
2016-10-19,-2.4195690319046195,-4.252048165971296
2016-10-20,-2.3915247901035586,-4.202764402894534
2016-10-21,-2.3550235886544795,-4.138618737021495
2016-10-24,-2.3454853650323826,-4.121856666700634
2016-10-25,-2.3769921031892554,-4.17722527426221
2016-10-26,-2.3574531819596993,-4.1428884014209375
2016-10-27,-2.8240214270092636,-4.962815679586585
2016-10-28,-2.81575838237489,-4.948294554824432
2016-10-31,-2.764139791624806,-4.857582229102465
2016-11-01,-2.6767530885749236,-4.704012537337548
2016-11-02,-2.9022563073174004,-5.100302345576576
2016-11-03,-2.7905811318365217,-4.904049120797036
2016-11-04,-2.9253863817761694,-5.140950159044319
2016-11-07,-2.890946389771322,-5.0804267753717305
2016-11-08,-2.92466801477504,-5.139687731294018
2016-11-09,-2.829744107049182,-4.97287247517593
2016-11-10,-2.733388382625418,-4.8035410050196985
2016-11-11,-3.302283938139071,-5.803293965796725
2016-11-14,-3.1571032195102138,-5.5481595181987196
2016-11-15,-3.5007169763886123,-6.152011785057661
2016-11-16,-3.414917896306345,-6.001232114672043
2016-11-17,-3.6723644678222485,-6.453657818512407
2016-11-18,-3.4655886956227184,-6.090278831860305
2016-11-21,-3.2823414120720478,-5.7682478149037415
2016-11-22,-3.264693028712186,-5.737233293264494
2016-11-23,-3.1062145302376036,-5.458729890427382
2016-11-25,-2.9959097526417904,-5.264884944864929
2016-11-28,-2.885060410067106,-5.070083003866872
2016-11-29,-2.7826815665972657,-4.890166759333222
2016-11-30,-2.6904335009643177,-4.728053914807264
2016-12-01,-2.6845884426783098,-4.717782056870047
2016-12-02,-2.694746035488775,-4.735632580376881
2016-12-05,-2.6184516366113995,-4.601556034288397
2016-12-06,-2.6053441721089987,-4.578521531175214
2016-12-07,-2.575559166535257,-4.526178623552703
2016-12-08,-2.5797797200954737,-4.533595645670472
2016-12-09,-2.5832030847607315,-4.5396117217792415
2016-12-12,-2.7196357527182204,-4.779372715542068
2016-12-13,-2.671334158353077,-4.694489538816943
2016-12-14,-2.7985678310820643,-4.918084607874022
2016-12-15,-2.7017180900881126,-4.747884973915258
2016-12-16,-2.6353652804263628,-4.631279355762179
2016-12-19,-2.5607610391865756,-4.500173021140426
2016-12-20,-2.5180776093798625,-4.4251629689229315
2016-12-21,-2.4631656223457536,-4.328662968022182
2016-12-22,-2.413711378976845,-4.241754174743927
2016-12-23,-2.426077864507964,-4.26348651278791
2016-12-27,-2.383265816593087,-4.188250432553145
2016-12-28,-2.3742009714438015,-4.172320257516357
2016-12-29,-2.3648131782489403,-4.155822547258714
2016-12-30,-2.331793590179485,-4.0977953213186735
2017-01-03,-2.3777996902181946,-4.178644493511582
2017-01-04,-2.34490814261546,-4.120842280466198
2017-01-05,-2.3177797833243443,-4.073168050531622
2017-01-06,-2.3077275568579685,-4.055502693376412
2017-01-09,-2.3833943633215204,-4.188476335130699
2017-01-10,-2.410538963289715,-4.236179105743501
2017-01-11,-2.3690702776461934,-4.163303793483046
2017-01-12,-2.353074721442318,-4.135193880302831
2017-01-13,-2.3462689947152433,-4.123233784324423
2017-01-17,-2.321950235539999,-4.080497026667874
2017-01-18,-2.343929867430547,-4.1191231010788885
2017-01-19,-2.3137909003030535,-4.066158156409444
2017-01-20,-2.294598552636482,-4.032430337272955
2017-01-23,-2.272001465103845,-3.9927191724611757
2017-01-24,-2.2522783347105015,-3.958058578235346
2017-01-25,-2.2391816381309395,-3.935042998213819
2017-01-26,-2.4414718351696374,-4.29053922500892
2017-01-27,-2.395484127820638,-4.209722375350115
2017-01-30,-2.3570354508739775,-4.142154298498685
2017-01-31,-2.3363381025281513,-4.105781654894025
2017-02-01,-2.3167916171935885,-4.071431489214897
2017-02-02,-4.560774591963534,-8.014912153137317
2017-02-03,-4.2572386894376955,-7.481491010519423
2017-02-06,-3.989284642584148,-7.010599914433876
2017-02-07,-3.7876996367279103,-6.6563429607632445
2017-02-08,-3.6128268347392103,-6.349028903106871
2017-02-09,-3.4177113594128845,-6.006141228453154
2017-02-10,-3.2429191566652897,-5.698968812490321
2017-02-13,-3.094729307378476,-5.438546246088257
2017-02-14,-3.005438959720511,-5.281631169894243
2017-02-15,-2.991665326579243,-5.257425970222387
2017-02-16,-2.873851549923829,-5.050385027662682
2017-02-17,-2.769857571961339,-4.867630414160547
2017-02-21,-2.6790711832205223,-4.708086258713709
2017-02-22,-2.6324176196648077,-4.626099261551264
2017-02-23,-2.561902262734089,-4.502178559080522
2017-02-24,-2.522312254951684,-4.432604755745202
2017-02-27,-2.464039548286762,-4.330198768466666
2017-02-28,-2.4154672354878373,-4.24483984262892
2017-03-01,-2.373484946185789,-4.171061945046254
2017-03-02,-2.6779305764334556,-4.706081804642306
2017-03-03,-2.6387878099786373,-4.6372939642787525
2017-03-06,-2.58533777568488,-4.543363137221104
2017-03-07,-2.5330416725925007,-4.45146017999638
2017-03-08,-2.4732994104859634,-4.34647165820946
2017-03-09,-2.4429134260460628,-4.293072615774531
2017-03-10,-2.406567845538309,-4.229200431554392
2017-03-13,-2.3711431992067458,-4.166946658060797
2017-03-14,-2.335986890767785,-4.105164450217555
2017-03-15,-2.312012157987946,-4.063032269981341
2017-03-16,-2.3761053566321078,-4.175666943409781
2017-03-17,-2.3404006128417607,-4.112920938502158
2017-03-20,-2.3443944727874806,-4.119939578860592
2017-03-21,-2.401013589347861,-4.219439616906612
2017-03-22,-2.5071707542556805,-4.40599572355164
2017-03-23,-2.54832629021621,-4.478320719818758
2017-03-24,-2.5046784548172023,-4.401615862048747
2017-03-27,-2.4570375897693837,-4.317893823048931
2017-03-28,-2.4090622564254,-4.233584003627673
2017-03-29,-2.713511603173403,-4.7686103944440505
2017-03-30,-2.6291538383123894,-4.620363630399316
2017-03-31,-2.5599042254190705,-4.4986672929050835
2017-04-03,-2.5033884134864306,-4.399348798037675
2017-04-04,-2.4483306763079784,-4.302592662004687
2017-04-05,-2.4408459794395245,-4.289439372649141
2017-04-06,-2.4305160742490273,-4.271286034661783
2017-04-07,-2.397361181262462,-4.213021029589566
2017-04-10,-2.3676590963317237,-4.160823843193998
2017-04-11,-2.337230121850739,-4.107349251881177
2017-04-12,-2.440537079820593,-4.2888965255384255
2017-04-13,-2.3945628607248257,-4.208103379564722
2017-04-17,-2.3931742608832867,-4.205663113000046
2017-04-18,-2.374647850371418,-4.173105583621761
2017-04-19,-2.367022685376298,-4.159705441528189
2017-04-20,-2.3532253439890267,-4.1354585779886746
2017-04-21,-2.4475879682460815,-4.301287458304856
2017-04-24,-2.4048301301903856,-4.226146644181233
2017-04-25,-2.4355813359218703,-4.280187511049593
2017-04-26,-2.416446521738963,-4.246560798821181
2017-04-27,-2.4188092264319954,-4.250712916005799
2017-04-28,-2.3761028015810544,-4.175662453271246
2017-05-01,-2.3435127532917286,-4.118390082353001
2017-05-02,-2.6544728835779177,-4.664858248476275
2017-05-03,-2.6026850652854705,-4.573848529436883
2017-05-04,-2.547078843076138,-4.476128509034876
2017-05-05,-2.504189575107774,-4.400756725547806
2017-05-08,-2.6642244636508625,-4.681995262389801
2017-05-09,-3.1234607024516206,-5.489037583229563
2017-05-10,-3.0054739942795807,-5.2816927381449
2017-05-11,-2.905776686084914,-5.106488910160827
2017-05-12,-2.8039584208576835,-4.927557802094434
2017-05-15,-2.8437024478101836,-4.997402272197716
2017-05-16,-2.7501993217531413,-4.833083837624901
2017-05-17,-2.66432201718658,-4.682166698842807
2017-05-18,-3.511478628582508,-6.170923856947529
2017-05-19,-3.4587381637113572,-6.078239997148198
2017-05-22,-3.2805581093654457,-5.765113914236725
2017-05-23,-3.139205674965499,-5.516707131243329
2017-05-24,-3.000131420705893,-5.272303925564635
2017-05-25,-2.887783830854691,-5.0748690282424205
2017-05-26,-2.7832450934804296,-4.891157077616535
2017-05-30,-2.6936540476325397,-4.733713567155872
2017-05-31,-2.610920900170722,-4.588321836938058
2017-06-01,-2.582083740249589,-4.537644633131248
2017-06-02,-2.5180205797009845,-4.425062747380052
2017-06-05,-2.6311125986000485,-4.623805872789963
2017-06-06,-2.658894318405832,-4.672628290828072
2017-06-07,-2.5860672436790875,-4.544645073386597
2017-06-08,-2.541096152580913,-4.465614782080877
2017-06-09,-2.4906493485289984,-4.376961704685847
2017-06-12,-3.668105074582153,-6.446172541185791
2017-06-13,-3.8562738754323425,-6.776852424254987
2017-06-14,-3.65848968729169,-6.42927486670145
2017-06-15,-3.528028119513713,-6.200007231562551
2017-06-16,-3.370290037303597,-5.922805004917508
2017-06-19,-3.3568271388726627,-5.899145877268295
2017-06-20,-3.6829556261211063,-6.472270271650278
2017-06-21,-3.5400981560384754,-6.221218602675167
2017-06-22,-3.364769593537566,-5.913103610792694
2017-06-23,-3.198615047620905,-5.621110647204217
2017-06-26,-3.057636180408236,-5.373360355367959
2017-06-27,-2.9385332936043445,-5.164053985217518
2017-06-28,-3.0079459416350898,-5.286036833758942
2017-06-29,-3.025044366546357,-5.316084881707267
2017-06-30,-3.088165569111752,-5.427011410383664
2017-07-03,-2.9536031125852116,-5.190537047000086
2017-07-05,-2.8518212809078607,-5.011669965711561
2017-07-06,-2.7552831914248697,-4.842018014922043
2017-07-07,-2.755581464669519,-4.842542187692543
2017-07-10,-2.735276415570619,-4.806858954173484
2017-07-11,-2.669264017136233,-4.690851560297498
2017-07-12,-2.5943705661954537,-4.559236980793095
2017-07-13,-2.5257853519295907,-4.438708229314428
2017-07-14,-2.616884026909872,-4.5988011833755085
2017-07-17,-2.5965581235436836,-4.563081301450141
2017-07-18,-2.5332836916289363,-4.451885494003312
2017-07-19,-2.4793185283349555,-4.3570494010525405
2017-07-20,-2.4538552637414974,-4.31230133803529
2017-07-21,-2.433974246011678,-4.277363279289689
2017-07-24,-2.3908275621201978,-4.201539123958979
2017-07-25,-2.4694863293819664,-4.339770710932832
2017-07-26,-2.4295304456163516,-4.269553932636738
2017-07-27,-2.3987271336297895,-4.215421496442015
2017-07-28,-2.7207393878314536,-4.78131219715935
2017-07-31,-2.6891341255500585,-4.7257704474731
2017-08-01,-2.63933637782084,-4.638257994176884
2017-08-02,-4.99143728966266,-8.771740542721371
2017-08-03,-4.688997933094267,-8.240246423538549
2017-08-04,-4.430819154609659,-7.7865339701748875
2017-08-07,-4.1478297469510625,-7.2892203676459095
2017-08-08,-4.00632449148605,-7.0405450233836
2017-08-09,-3.789936450434146,-6.66027384245821
2017-08-10,-3.585403437426608,-6.300836185845994
2017-08-11,-4.222736251073613,-7.420857886259252
2017-08-14,-4.047148146808143,-7.112286786669398
2017-08-15,-3.9127055486128177,-6.87602305724199
2017-08-16,-3.738162799418247,-6.569289020390745
2017-08-17,-3.538604755771981,-6.21859416428119
2017-08-18,-3.618497391734651,-6.358994099864874
2017-08-21,-3.423913928995836,-6.017041361605683
2017-08-22,-3.2511901333420856,-5.713503876687963
2017-08-23,-3.2625959252356256,-5.733547932411474
2017-08-24,-3.1043779033972374,-5.455502280185568
2017-08-25,-2.9885079439663644,-5.251877319710113
2017-08-28,-2.871441174440681,-5.046149135850018
2017-08-29,-2.8314707602021247,-4.975906822316032
2017-08-30,-2.781784500005843,-4.888590292489534
2017-08-31,-2.6891267942676738,-4.725757563787862
2017-09-01,-2.614831789668067,-4.595194668543698
2017-09-05,-2.543428085989371,-4.469712823112919
2017-09-06,-2.633991829736893,-4.6288657116758944
2017-09-07,-2.5630161334268338,-4.504136028271838
2017-09-08,-2.521258517619399,-4.430752962375359
2017-09-11,-2.7299303427100514,-4.797463992094626
2017-09-12,-2.8814421412238858,-5.063724411408488
2017-09-13,-2.7924347520057085,-4.907306594395378
2017-09-14,-2.756303183871802,-4.843810506459212
2017-09-15,-2.7420175312544304,-4.818705505440255
2017-09-18,-2.7231373152683216,-4.785526213302564
2017-09-19,-2.698635527179847,-4.7424678083838145
2017-09-20,-2.615212067706269,-4.595862953066097
2017-09-21,-2.815670789579366,-4.94814062295448
2017-09-22,-2.98395707964445,-5.243879823445934
2017-09-25,-2.9528346287516354,-5.189186546050515
2017-09-26,-2.911071034912697,-5.115792974614597
2017-09-27,-3.0034681170085062,-5.278167694362652
2017-09-28,-2.908343389268132,-5.1109995256542815
2017-09-29,-2.837099684370721,-4.985798855306977
2017-10-02,-2.751339131155752,-4.8350868904066235
2017-10-03,-2.6677731889974203,-4.688231642051798
2017-10-04,-2.5986897996226,-4.566827418730649
2017-10-05,-2.578862298889279,-4.531983408488649
2017-10-06,-2.628746505985052,-4.619647801814739
2017-10-09,-2.5570504050942855,-4.493652109904307
2017-10-10,-2.499548964045399,-4.392601512162046
2017-10-11,-2.444941091209752,-4.296635948676705
2017-10-12,-2.4081268106668783,-4.231940090860796
2017-10-13,-2.386207642278436,-4.193420272448207
2017-10-16,-2.37661127731902,-4.176556027002994
2017-10-17,-2.617154775442594,-4.599276985382734
2017-10-18,-2.551820062515019,-4.484460527321493
2017-10-19,-2.5156669346548672,-4.420926551235314
2017-10-20,-2.980388898606208,-5.237609253175175
2017-10-23,-2.858817004241725,-5.0239639536818
2017-10-24,-2.7547531580724116,-4.841086556751391
2017-10-25,-2.6846098296127265,-4.717819641363014
2017-10-26,-2.6279016484842703,-4.618163085016277
2017-10-27,-2.5806050754326075,-4.535046090192309
2017-10-30,-3.420668350403326,-6.0113377192132464
2017-10-31,-3.5496127854418553,-6.237939209515093
2017-11-01,-3.4676952528595613,-6.093980806351348
2017-11-02,-3.413433008163464,-5.998622635123679
2017-11-03,-3.264891468182623,-5.737582022387409
2017-11-06,-3.5323559990027276,-6.207612863723136
2017-11-07,-3.3980630613600002,-5.971612141413855
2017-11-08,-3.2266832520052033,-5.6704365211101235
2017-11-09,-3.1113978214723783,-5.4678387869696605
2017-11-10,-2.9791358137613577,-5.235407134927629
2017-11-13,-2.9061722974693356,-5.107184140856619
2017-11-14,-2.8140503483960138,-4.945292928232452
2017-11-15,-2.92690766721158,-5.143623601653421
2017-11-16,-2.9721676152787264,-5.223161517965475
2017-11-17,-2.9457592893699647,-5.176752644209006
2017-11-20,-2.862397620918539,-5.03025637781723
2017-11-21,-2.7592212385736334,-4.8489385722343625
2017-11-22,-2.9178489710973805,-5.127704232670527
2017-11-24,-2.8771623383541045,-5.056203267062858
2017-11-27,-2.7695076779114567,-4.867015525172686
2017-11-28,-2.706400541609757,-4.756113715952506
2017-11-29,-2.6619276289718408,-4.677958902378703
2017-11-30,-2.9787881503323668,-5.234796165938475
2017-12-01,-2.988388293703032,-5.251667051403629
2017-12-04,-2.890300840114138,-5.079292313738408
2017-12-05,-2.8361270529303777,-4.984089593997404
2017-12-06,-2.7363614633414874,-4.808765771182331
2017-12-07,-2.666118533705503,-4.685323820904091
2017-12-08,-2.5877215925822203,-4.5475523560996285
2017-12-11,-2.5202505128970483,-4.42898153755778
2017-12-12,-2.7581810614312796,-4.847110608968132
2017-12-13,-2.7030579857789077,-4.750239649867674
2017-12-14,-2.6236623119370224,-4.61071305447242
2017-12-15,-2.551985453981163,-4.484751179280999
2017-12-18,-2.56560287539713,-4.508681859081212
2017-12-19,-2.652340583265909,-4.661111034194962
2017-12-20,-2.6933816389002185,-4.733234847584169
2017-12-21,-2.6140362682233778,-4.593796652841199
2017-12-22,-2.549633611533114,-4.48061815094578
2017-12-26,-2.4881538003265455,-4.372576133942705
2017-12-27,-3.030189377939192,-5.3251265068761855
2017-12-28,-2.9020437734163758,-5.099928847498141
2017-12-29,-2.793264067568482,-4.90876399845007
2018-01-02,-2.812524186035951,-4.942610915122468
2018-01-03,-2.9419773890258556,-5.170106492679534
2018-01-04,-2.8260025088543093,-4.966297148937032
2018-01-05,-2.736099021859618,-4.808304567634532
2018-01-08,-2.7388661599740014,-4.813167418989093
2018-01-09,-2.668263126139656,-4.689092636840381
2018-01-10,-2.589842438798516,-4.551279441438132
2018-01-11,-2.522929071498273,-4.433688723026599
2018-01-12,-2.485230976316317,-4.3674396867869225
2018-01-16,-2.513210235184475,-4.416609251608942
2018-01-17,-2.4900482672104043,-4.375905389827859
2018-01-18,-2.6513943534496334,-4.659448169981613
2018-01-19,-2.5743897681226358,-4.524123572297661
2018-01-22,-2.535113796889933,-4.455101643497683
2018-01-23,-2.5514027563691632,-4.4837271711705675
2018-01-24,-2.4893187549135405,-4.374623375806754
2018-01-25,-2.694129751973394,-4.73454954982196
2018-01-26,-2.909370275741683,-5.112804132461919
2018-01-29,-2.798333086562574,-4.917672077795149
2018-01-30,-3.0796296450103617,-5.4120107388005865
2018-01-31,-2.980924517681003,-5.238550527457748
2018-02-01,-2.861410464664611,-5.02852159121528
2018-02-02,-2.756334678788019,-4.843865854291396
2018-02-05,-4.062976499882362,-7.140102864149361
2018-02-06,-4.204179893384231,-7.3882477289792465
2018-02-07,-4.777614279432633,-8.395977038352429
