date,return,abs_return
2013-02-11,0.9427910514150395,0.9427910514150395
2013-02-12,-2.632659823714024,2.632659823714024
2013-02-13,-0.2845283318360296,0.2845283318360296
2013-02-14,-0.1840242552328577,0.1840242552328577
2013-02-15,-1.4816108029510298,1.4816108029510298
2013-02-19,-0.13102206324183896,0.13102206324183896
2013-02-20,-2.5456067931527575,2.5456067931527575
2013-02-21,-0.7176233259440938,0.7176233259440938
2013-02-22,0.9652447661643049,0.9652447661643049
2013-02-25,-1.886849575134789,1.886849575134789
2013-02-26,1.2896935357943342,1.2896935357943342
2013-02-27,-1.0789506409772802,1.0789506409772802
2013-02-28,-0.8095632166065807,0.8095632166065807
2013-03-01,-2.6013909461652287,2.6013909461652287
2013-03-04,-2.5444863133322175,2.5444863133322175
2013-03-05,2.51269818132935,2.51269818132935
2013-03-06,-1.3736351065151773,1.3736351065151773
2013-03-07,1.0552387260913836,1.0552387260913836
2013-03-08,0.16977924712925468,0.16977924712925468
2013-03-11,1.3204810969434195,1.3204810969434195
2013-03-12,-2.27356835042384,2.27356835042384
2013-03-13,-0.11267770950668947,0.11267770950668947
2013-03-14,0.8701912545161739,0.8701912545161739
2013-03-15,2.4534332354957993,2.4534332354957993
2013-03-18,2.58802845464754,2.58802845464754
2013-03-19,-0.3642955022136002,0.3642955022136002
2013-03-20,-0.6257478591528507,0.6257478591528507
2013-03-21,0.049538569827289436,0.049538569827289436
2013-03-22,1.913476517411514,1.913476517411514
2013-03-25,0.26673287434390686,0.26673287434390686
2013-03-26,-0.6225816158035724,0.6225816158035724
2013-03-27,-2.0774153553094643,2.0774153553094643
2013-03-28,-2.19974652484873,2.19974652484873
2013-04-01,-3.249562719951455,3.249562719951455
2013-04-02,0.1113767912256726,0.1113767912256726
2013-04-03,0.4160575817707594,0.4160575817707594
2013-04-04,-1.0874171202539709,1.0874171202539709
2013-04-05,-1.1564167056682373,1.1564167056682373
2013-04-08,0.6146808995266861,0.6146808995266861
2013-04-09,0.0864494422371184,0.0864494422371184
2013-04-10,1.9253553111767225,1.9253553111767225
2013-04-11,-0.4067097153873409,0.4067097153873409
2013-04-12,-1.1426065587396732,1.1426065587396732
2013-04-15,-2.436253983429876,2.436253983429876
2013-04-16,1.4165286946229025,1.4165286946229025
2013-04-17,-5.750342891644614,5.750342891644614
2013-04-18,-2.799104834619649,2.799104834619649
2013-04-19,-0.4826117011956065,0.4826117011956065
2013-04-22,1.968950718064619,1.968950718064619
2013-04-23,1.7598572566297077,1.7598572566297077
2013-04-24,-0.25861544793833424,0.25861544793833424
2013-04-25,0.6229483584575315,0.6229483584575315
2013-04-26,2.044057060142689,2.044057060142689
2013-04-29,2.95460409858913,2.95460409858913
2013-04-30,2.8067172572304306,2.8067172572304306
2013-05-01,-0.8852616044272466,0.8852616044272466
2013-05-02,1.3141857210318793,1.3141857210318793
2013-05-03,0.9019835559811378,0.9019835559811378
2013-05-06,2.2624294931436126,2.2624294931436126
2013-05-07,-0.5403795212651977,0.5403795212651977
2013-05-08,1.0294560627228908,1.0294560627228908
2013-05-09,-1.6300194610878622,1.6300194610878622
2013-05-10,-0.9295251466793557,0.9295251466793557
2013-05-13,0.2960096641934683,0.2960096641934683
2013-05-14,-2.5157374534519854,2.5157374534519854
2013-05-15,-3.5342760586825435,3.5342760586825435
2013-05-16,1.2327988374072436,1.2327988374072436
2013-05-17,-0.3978167916611876,0.3978167916611876
2013-05-20,2.113439538682468,2.113439538682468
2013-05-21,-0.8351452576478737,0.8351452576478737
2013-05-22,0.2905079940943248,0.2905079940943248
2013-05-23,0.08390296477573889,0.08390296477573889
2013-05-24,0.5844238110969389,0.5844238110969389
2013-05-28,-0.9311284843822552,0.9311284843822552
2013-05-29,0.6980451195781567,0.6980451195781567
2013-05-30,1.3851035570770098,1.3851035570770098
2013-05-31,-0.5034968445472205,0.5034968445472205
2013-06-03,0.1247065772951772,0.1247065772951772
2013-06-04,-0.4073287828602197,0.4073287828602197
2013-06-05,-1.033213436090707,1.033213436090707
2013-06-06,-1.5993363289088567,1.5993363289088567
2013-06-07,0.667288206618013,0.667288206618013
2013-06-10,-0.757410851111733,0.757410851111733
2013-06-11,-0.3884290990444947,0.3884290990444947
2013-06-12,-1.3379534401521112,1.3379534401521112
2013-06-13,0.7756393892952271,0.7756393892952271
2013-06-14,-1.460098507391038,1.460098507391038
2013-06-17,0.3582452868835751,0.3582452868835751
2013-06-18,-0.14721215254499648,0.14721215254499648
2013-06-19,-2.1462076854445766,2.1462076854445766
2013-06-20,-1.5615277332008444,1.5615277332008444
2013-06-21,-0.8979684930903411,0.8979684930903411
2013-06-24,-2.780330642644874,2.780330642644874
2013-06-25,-0.07179361572465529,0.07179361572465529
2013-06-26,-1.233016668130288,1.233016668130288
2013-06-27,-1.177675957984365,1.177675957984365
2013-06-28,0.6019591653924719,0.6019591653924719
2013-07-01,3.0559756454480587,3.0559756454480587
2013-07-02,2.1459864869715943,2.1459864869715943
2013-07-03,0.4564176493513566,0.4564176493513566
2013-07-05,-0.9004303556266855,0.9004303556266855
2013-07-08,-0.6634896887552957,0.6634896887552957
2013-07-09,1.6495588222694328,1.6495588222694328
2013-07-10,-0.47847437398978426,0.47847437398978426
2013-07-11,1.4527187137744795,1.4527187137744795
2013-07-12,-0.2763882771324315,0.2763882771324315
2013-07-15,0.12383217394306065,0.12383217394306065
2013-07-16,0.5484639495084487,0.5484639495084487
2013-07-17,-0.06736777664714892,0.06736777664714892
2013-07-18,0.24195668543116855,0.24195668543116855
2013-07-19,-1.6834703525411705,1.6834703525411705
2013-07-22,0.22550050146411393,0.22550050146411393
2013-07-23,-1.825999541206679,1.825999541206679
2013-07-24,4.9144244886940704,4.9144244886940704
2013-07-25,-0.5513155933598581,0.5513155933598581
2013-07-26,0.47216680093870994,0.47216680093870994
2013-07-29,1.4361245624726515,1.4361245624726515
2013-07-30,1.1333426398058923,1.1333426398058923
2013-07-31,-0.2683835374361687,0.2683835374361687
2013-08-01,0.8179835589812188,0.8179835589812188
2013-08-02,1.1818163133337112,1.1818163133337112
2013-08-05,1.3887629486834252,1.3887629486834252
2013-08-06,-0.9927410739119771,0.9927410739119771
2013-08-07,-0.15214305072662598,0.15214305072662598
2013-08-08,-0.9514521263561357,0.9514521263561357
2013-08-09,-1.5271691706388126,1.5271691706388126
2013-08-12,2.707017240408807,2.707017240408807
2013-08-13,4.548780859154882,4.548780859154882
2013-08-14,1.7135454265254082,1.7135454265254082
2013-08-15,-0.21249518862119388,0.21249518862119388
2013-08-16,0.789844614933211,0.789844614933211
2013-08-19,0.9770949716381283,0.9770949716381283
2013-08-20,-1.4163409108249132,1.4163409108249132
2013-08-21,0.16294909082880604,0.16294909082880604
2013-08-22,0.025434674454979975,0.025434674454979975
2013-08-23,-0.4805921557794846,0.4805921557794846
2013-08-26,0.29444099884648584,0.29444099884648584
2013-08-27,-2.9947560295261906,2.9947560295261906
2013-08-28,0.37677001263569854,0.37677001263569854
2013-08-29,0.06965961275346119,0.06965961275346119
2013-08-30,-1.0102133840924887,1.0102133840924887
2013-09-03,0.18557875720009342,0.18557875720009342
2013-09-04,1.9542554140205806,1.9542554140205806
2013-09-05,-0.7823900093634577,0.7823900093634577
2013-09-06,0.49977834682513206,0.49977834682513206
2013-09-09,1.4890158032974128,1.4890158032974128
2013-09-10,-2.3982279744635524,2.3982279744635524
2013-09-11,-5.692317933264194,5.692317933264194
2013-09-12,0.9651914556618904,0.9651914556618904
2013-09-13,-1.7558607766637309,1.7558607766637309
2013-09-16,-3.3248210885151273,3.3248210885151273
2013-09-17,1.0544888200863436,1.0544888200863436
2013-09-18,1.9408926368995039,1.9408926368995039
2013-09-19,1.5325319585789356,1.5325319585789356
2013-09-20,-1.1348490414784906,1.1348490414784906
2013-09-23,4.756379462114294,4.756379462114294
2013-09-24,-0.4084193074960903,0.4084193074960903
2013-09-25,-1.6539975757442207,1.6539975757442207
2013-09-26,0.8752177781118329,0.8752177781118329
2013-09-27,-0.8102576283239022,0.8102576283239022
2013-09-30,-1.3446561227863267,1.3446561227863267
2013-10-01,2.230029736708585,2.230029736708585
2013-10-02,0.2333507093868174,0.2333507093868174
2013-10-03,-1.3582793199842766,1.3582793199842766
2013-10-04,-0.17270971917523423,0.17270971917523423
2013-10-07,0.8783935002995897,0.8783935002995897
2013-10-08,-1.500159361664619,1.500159361664619
2013-10-09,1.0735384760150952,1.0735384760150952
2013-10-10,0.5307877581466223,0.5307877581466223
2013-10-11,0.5520524045193465,0.5520524045193465
2013-10-14,0.5589124994827142,0.5589124994827142
2013-10-15,0.436694350328052,0.436694350328052
2013-10-16,0.39283218771622996,0.39283218771622996
2013-10-17,0.5794921676184588,0.5794921676184588
2013-10-18,0.7722959264117879,0.7722959264117879
2013-10-21,2.3272068641446446,2.3272068641446446
2013-10-22,-0.38111480509543644,0.38111480509543644
2013-10-23,0.8807610975587568,0.8807610975587568
2013-10-24,1.221231380563637,1.221231380563637
2013-10-25,-1.2193634988009738,1.2193634988009738
2013-10-28,0.6480974148411549,0.6480974148411549
2013-10-29,-2.6163295454313706,2.6163295454313706
2013-10-30,1.4839802313179253,1.4839802313179253
2013-10-31,-0.5130092718987305,0.5130092718987305
2013-11-01,-0.6065323365320434,0.6065323365320434
2013-11-04,1.1899069618765876,1.1899069618765876
2013-11-05,-0.3412657560121445,0.3412657560121445
2013-11-06,-0.9597159062593501,0.9597159062593501
2013-11-07,-1.725188545475826,1.725188545475826
2013-11-08,1.467860460050135,1.467860460050135
2013-11-11,-0.3849293244055601,0.3849293244055601
2013-11-12,0.09121440745486828,0.09121440745486828
2013-11-13,0.025818397802317122,0.025818397802317122
2013-11-14,1.3412244167891536,1.3412244167891536
2013-11-15,-0.695979170000991,0.695979170000991
2013-11-18,-1.313207370918268,1.313207370918268
2013-11-19,0.08341492703973877,0.08341492703973877
2013-11-20,-0.9736653054983015,0.9736653054983015
2013-11-21,1.090269060406879,1.090269060406879
2013-11-22,-0.35066538941687436,0.35066538941687436
2013-11-25,0.6609998352160364,0.6609998352160364
2013-11-26,1.7335759958645733,1.7335759958645733
2013-11-27,2.233381657562523,2.233381657562523
2013-11-29,1.7408174413892126,1.7408174413892126
2013-12-02,-0.9682183771635264,0.9682183771635264
2013-12-03,2.607019259262643,2.607019259262643
2013-12-04,-0.32781201179320013,0.32781201179320013
2013-12-05,0.4180531839968438,0.4180531839968438
2013-12-06,-1.4914413960355113,1.4914413960355113
2013-12-09,1.0440343220783759,1.0440343220783759
2013-12-10,-0.24951206745771534,0.24951206745771534
2013-12-11,-0.8377157609470189,0.8377157609470189
2013-12-12,-0.24017705093584377,0.24017705093584377
2013-12-13,-1.190109086672343,1.190109086672343
2013-12-16,0.45818110534994244,0.45818110534994244
2013-12-17,-0.545326939934244,0.545326939934244
2013-12-18,-0.8573847421047232,0.8573847421047232
2013-12-19,-1.2462970977483354,1.2462970977483354
2013-12-20,0.7400816309357385,0.7400816309357385
2013-12-23,3.6717659950014907,3.6717659950014907
2013-12-24,-0.5194307723609701,0.5194307723609701
2013-12-26,-0.760295391276762,0.760295391276762
2013-12-27,-0.7720125892274123,0.7720125892274123
2013-12-30,-1.0934935288031398,1.0934935288031398
2013-12-31,1.0712297855328647,1.0712297855328647
2014-01-02,-1.510347623271863,1.510347623271863
2014-01-03,-2.3151079154106293,2.3151079154106293
2014-01-06,0.4497390815765718,0.4497390815765718
2014-01-07,-0.8122856829256564,0.8122856829256564
2014-01-08,0.537795654708392,0.537795654708392
2014-01-09,-1.379500856225344,1.379500856225344
2014-01-10,-0.7633820611997708,0.7633820611997708
2014-01-13,0.42813365062380454,0.42813365062380454
2014-01-14,1.876148813557086,1.876148813557086
2014-01-15,1.8938592711683704,1.8938592711683704
2014-01-16,-0.653618469562353,0.653618469562353
2014-01-17,-2.5747257957678698,2.5747257957678698
2014-01-21,1.4476342847658028,1.4476342847658028
2014-01-22,0.3493901610975508,0.3493901610975508
2014-01-23,0.7490979123710051,0.7490979123710051
2014-01-24,-1.9285511328224199,1.9285511328224199
2014-01-27,0.7139840763463388,0.7139840763463388
2014-01-28,-8.424299618089647,8.424299618089647
2014-01-29,-1.2358852466467745,1.2358852466467745
2014-01-30,-0.2874271788118179,0.2874271788118179
2014-01-31,0.06940792441696142,0.06940792441696142
2014-02-03,0.09161495271277345,0.09161495271277345
2014-02-04,1.3430852475083481,1.3430852475083481
2014-02-05,0.6501043593202596,0.6501043593202596
2014-02-06,-0.10975560359319288,0.10975560359319288
2014-02-07,1.2952730459577968,1.2952730459577968
2014-02-10,1.6815816241980455,1.6815816241980455
2014-02-11,1.2149335940893593,1.2149335940893593
2014-02-12,-0.10149467555889996,0.10149467555889996
2014-02-13,1.4813818317370873,1.4813818317370873
2014-02-14,-0.17482753634125892,0.17482753634125892
2014-02-18,0.27291177455608717,0.27291177455608717
2014-02-19,-1.6853930800794235,1.6853930800794235
2014-02-20,-1.2583284156175036,1.2583284156175036
2014-02-21,-1.2111207251269098,1.2111207251269098
2014-02-24,0.3429195595735232,0.3429195595735232
2014-02-25,-1.140182531052053,1.140182531052053
2014-02-26,-1.0002632809534993,1.0002632809534993
2014-02-27,1.8811163095875494,1.8811163095875494
2014-02-28,-0.3654394948070192,0.3654394948070192
2014-03-03,0.19431876560158035,0.19431876560158035
2014-03-04,0.563252400167461,0.563252400167461
2014-03-05,0.11655584592936086,0.11655584592936086
2014-03-06,-0.3969350793672041,0.3969350793672041
2014-03-07,-0.15249365360769707,0.15249365360769707
2014-03-10,-0.003693932157815577,0.003693932157815577
2014-03-11,0.8750596249924172,0.8750596249924172
2014-03-12,0.0029205670866350036,0.0029205670866350036
2014-03-13,-1.2109035053203052,1.2109035053203052
2014-03-14,-1.223651559190855,1.223651559190855
2014-03-17,0.29595336213097995,0.29595336213097995
2014-03-18,0.7867287282247688,0.7867287282247688
2014-03-19,-0.12039880514397178,0.12039880514397178
2014-03-20,-0.5770694693744842,0.5770694693744842
2014-03-21,0.6915650454844455,0.6915650454844455
2014-03-24,1.0850593023741208,1.0850593023741208
2014-03-25,0.9758022892314766,0.9758022892314766
2014-03-26,-1.054519735561826,1.054519735561826
2014-03-27,-0.5248740431024996,0.5248740431024996
2014-03-28,-0.2057298950389214,0.2057298950389214
2014-03-31,-0.1163486284412159,0.1163486284412159
2014-04-01,0.8165368258832562,0.8165368258832562
2014-04-02,0.07200828167497872,0.07200828167497872
2014-04-03,-0.7895606747483397,0.7895606747483397
2014-04-04,-1.3961125389073745,1.3961125389073745
2014-04-07,-1.6765116029914022,1.6765116029914022
2014-04-08,-0.0998000601677973,0.0998000601677973
2014-04-09,1.2116942525714918,1.2116942525714918
2014-04-10,-1.392171492363918,1.392171492363918
2014-04-11,-0.8361376069343602,0.8361376069343602
2014-04-14,0.3035158537937453,0.3035158537937453
2014-04-15,-0.8096476786341631,0.8096476786341631
2014-04-16,0.10846359268247929,0.10846359268247929
2014-04-17,1.0421096575927016,1.0421096575927016
2014-04-21,1.0857656767133144,1.0857656767133144
2014-04-22,0.0053981057989023334,0.0053981057989023334
2014-04-23,-1.4095905934067336,1.4095905934067336
2014-04-24,7.7853860925675775,7.7853860925675775
2014-04-25,0.6377019761661968,0.6377019761661968
2014-04-28,3.705645472056392,3.705645472056392
2014-04-29,-0.39070748983290254,0.39070748983290254
2014-04-30,-0.4729345592835409,0.4729345592835409
2014-05-01,0.1412644973315942,0.1412644973315942
2014-05-02,0.09170111478295564,0.09170111478295564
2014-05-05,1.3101508486051192,1.3101508486051192
2014-05-06,-1.1899405917446972,1.1899405917446972
2014-05-07,-0.44454012112783614,0.44454012112783614
2014-05-08,-0.8294475307015421,0.8294475307015421
2014-05-09,-0.5112357717289913,0.5112357717289913
2014-05-12,1.142877029401208,1.142877029401208
2014-05-13,0.06275264089629426,0.06275264089629426
2014-05-14,-0.07554234022233619,0.07554234022233619
2014-05-15,-0.9480071539695296,0.9480071539695296
2014-05-16,1.3709660506399317,1.3709660506399317
2014-05-19,1.083870325749327,1.083870325749327
2014-05-20,-0.07413743938896519,0.07413743938896519
2014-05-21,0.17010807871841066,0.17010807871841066
2014-05-22,0.06422590305730236,0.06422590305730236
2014-05-23,1.029263875500991,1.029263875500991
2014-05-27,1.7611384522071054,1.7611384522071054
2014-05-28,-0.3532928994195706,0.3532928994195706
2014-05-29,1.711652779603132,1.711652779603132
2014-05-30,-0.46933239382330283,0.46933239382330283
2014-06-02,-0.7835944447508605,0.7835944447508605
2014-06-03,1.3101865758347022,1.3101865758347022
2014-06-04,1.041369521242445,1.041369521242445
2014-06-05,0.2975093270702058,0.2975093270702058
2014-06-06,-0.3694114080804255,0.3694114080804255
2014-06-09,1.4935122217716748,1.4935122217716748
2014-06-10,0.4912139064682883,0.4912139064682883
2014-06-11,-0.5087013980909226,0.5087013980909226
2014-06-12,-1.7809015107846766,1.7809015107846766
2014-06-13,-1.1944585742725824,1.1944585742725824
2014-06-16,0.9087926989667394,0.9087926989667394
2014-06-17,-0.2242864167981654,0.2242864167981654
2014-06-18,0.014492485967439267,0.014492485967439267
2014-06-19,-0.44180064137755914,0.44180064137755914
2014-06-20,-1.1336170782941228,1.1336170782941228
2014-06-23,-0.18208766387052777,0.18208766387052777
2014-06-24,-0.70141735838479,0.70141735838479
2014-06-25,-0.005475836859304195,0.005475836859304195
2014-06-26,0.5017811564569976,0.5017811564569976
2014-06-27,1.087066290928397,1.087066290928397
2014-06-30,0.9334861438409567,0.9334861438409567
2014-07-01,0.5388297575504188,0.5388297575504188
2014-07-02,-0.13683055122163473,0.13683055122163473
2014-07-03,0.49258725992677294,0.49258725992677294
2014-07-07,1.9460424258552422,1.9460424258552422
2014-07-08,-0.7400968539231307,0.7400968539231307
2014-07-09,-0.052107890837205566,0.052107890837205566
2014-07-10,-0.46690043733764847,0.46690043733764847
2014-07-11,0.10042609445112138,0.10042609445112138
2014-07-14,1.1894237566304815,1.1894237566304815
2014-07-15,-1.2725585140257456,1.2725585140257456
2014-07-16,-0.6621733710159696,0.6621733710159696
2014-07-17,-1.8933221659921922,1.8933221659921922
2014-07-18,1.3352628357336176,1.3352628357336176
2014-07-21,-0.6153681844461232,0.6153681844461232
2014-07-22,0.7339037667057591,0.7339037667057591
2014-07-23,2.480215636062304,2.480215636062304
2014-07-24,-0.258811449723171,0.258811449723171
2014-07-25,0.5643980909114232,0.5643980909114232
2014-07-28,1.2776663948833387,1.2776663948833387
2014-07-29,-0.742481658514389,0.742481658514389
2014-07-30,-0.3281108663784272,0.3281108663784272
2014-07-31,-2.726459868417525,2.726459868417525
2014-08-01,0.45881240013086183,0.45881240013086183
2014-08-04,-0.6573728021114158,0.6573728021114158
2014-08-05,-0.586945771220545,0.586945771220545
2014-08-06,-0.2624000100174525,0.2624000100174525
2014-08-07,-0.6008076431366272,0.6008076431366272
2014-08-08,0.18076275874380432,0.18076275874380432
2014-08-11,1.2167223860779102,1.2167223860779102
2014-08-12,-0.11488747649698831,0.11488747649698831
2014-08-13,1.2206008799325636,1.2206008799325636
2014-08-14,0.17297305368182436,0.17297305368182436
2014-08-15,0.39705001875667095,0.39705001875667095
2014-08-18,1.103083293750037,1.103083293750037
2014-08-19,1.2780985231278377,1.2780985231278377
2014-08-20,-0.054268598000045624,0.054268598000045624
2014-08-21,-0.08410697316309486,0.08410697316309486
2014-08-22,0.6389896370595007,0.6389896370595007
2014-08-25,0.12284863667132481,0.12284863667132481
2014-08-26,-0.737240495225562,0.737240495225562
2014-08-27,1.1285110984893596,1.1285110984893596
2014-08-28,0.023378531384292175,0.023378531384292175
2014-08-29,0.150150563649116,0.150150563649116
2014-09-02,0.6834079528069352,0.6834079528069352
2014-09-03,-4.406426834509093,4.406426834509093
2014-09-04,-0.9262884428334601,0.9262884428334601
2014-09-05,0.7685056499250433,0.7685056499250433
2014-09-08,-0.7123054579668553,0.7123054579668553
2014-09-09,-0.47092827193254494,0.47092827193254494
2014-09-10,2.9314586174471695,2.9314586174471695
2014-09-11,0.330789052758422,0.330789052758422
2014-09-12,0.1324508611791413,0.1324508611791413
2014-09-15,-0.12356428881420746,0.12356428881420746
2014-09-16,-0.8545848520156494,0.8545848520156494
2014-09-17,0.6172750705458989,0.6172750705458989
2014-09-18,0.11247040720890206,0.11247040720890206
2014-09-19,-0.9127966690406253,0.9127966690406253
2014-09-22,0.004950305179903941,0.004950305179903941
2014-09-23,1.4572822424557785,1.4572822424557785
2014-09-24,-0.9649394003737262,0.9649394003737262
2014-09-25,-3.981925490403681,3.981925490403681
2014-09-26,2.8061635370003617,2.8061635370003617
2014-09-29,-0.7313117414460737,0.7313117414460737
2014-09-30,0.5432121376339452,0.5432121376339452
2014-10-01,-1.6646317784865179,1.6646317784865179
2014-10-02,0.6292806574459411,0.6292806574459411
2014-10-03,-0.37472360284311146,0.37472360284311146
2014-10-06,-0.09404980190606488,0.09404980190606488
2014-10-07,-0.9712041882966751,0.9712041882966751
2014-10-08,1.960645383697641,1.960645383697641
2014-10-09,0.12396633835776188,0.12396633835776188
2014-10-10,-0.38153451043773673,0.38153451043773673
2014-10-13,-1.0115789275155396,1.0115789275155396
2014-10-14,-1.1617472936324524,1.1617472936324524
2014-10-15,-1.3269351518385348,1.3269351518385348
2014-10-16,-1.4150184426003942,1.4150184426003942
2014-10-17,1.3601087565361594,1.3601087565361594
2014-10-20,2.0232353893334682,2.0232353893334682
2014-10-21,2.5862273420784803,2.5862273420784803
2014-10-22,0.41213253070231176,0.41213253070231176
2014-10-23,1.6767596307710246,1.6767596307710246
2014-10-24,0.2772907819119167,0.2772907819119167
2014-10-27,-0.19864734864587758,0.19864734864587758
2014-10-28,1.4448052051475044,1.4448052051475044
2014-10-29,0.466489782382349,0.466489782382349
2014-10-30,-0.42999636646394507,0.42999636646394507
2014-10-31,0.8548828002054945,0.8548828002054945
2014-11-03,1.193916484460059,1.193916484460059
2014-11-04,-0.8279980507106561,0.8279980507106561
2014-11-05,0.14507474871582599,0.14507474871582599
2014-11-06,-0.24113568979508376,0.24113568979508376
2014-11-07,0.19073289940427207,0.19073289940427207
2014-11-10,-0.25930874513575575,0.25930874513575575
2014-11-11,0.7021837554153767,0.7021837554153767
2014-11-12,1.3090055746104254,1.3090055746104254
2014-11-13,1.307320924641967,1.307320924641967
2014-11-14,1.1042024205222654,1.1042024205222654
2014-11-17,-0.26059233064866594,0.26059233064866594
2014-11-18,1.1959532696016737,1.1959532696016737
2014-11-19,-0.7892815932612025,0.7892815932612025
2014-11-20,1.3260104281673788,1.3260104281673788
2014-11-21,0.04341907445522589,0.04341907445522589
2014-11-24,1.739302979647086,1.739302979647086
2014-11-25,-0.961871948462609,0.961871948462609
2014-11-26,1.089395962794215,1.089395962794215
2014-11-28,-0.15289063914359824,0.15289063914359824
2014-12-01,-3.3934943922847474,3.3934943922847474
2014-12-02,-0.4771586727509559,0.4771586727509559
2014-12-03,1.0336512536331197,1.0336512536331197
2014-12-04,-0.47431125743746755,0.47431125743746755
2014-12-05,-0.519231578280668,0.519231578280668
2014-12-08,-2.3808688922719923,2.3808688922719923
2014-12-09,1.4246090866647971,1.4246090866647971
2014-12-10,-2.0138681319596095,2.0138681319596095
2014-12-11,-0.3892595703536994,0.3892595703536994
2014-12-12,-1.801794037664044,1.801794037664044
2014-12-15,-1.475090769372424,1.475090769372424
2014-12-16,-1.4710078742817532,1.4710078742817532
2014-12-17,2.3718982865350413,2.3718982865350413
2014-12-18,2.824287537049437,2.824287537049437
2014-12-19,-0.8693511055762004,0.8693511055762004
2014-12-22,0.9383552384077869,0.9383552384077869
2014-12-23,-0.4488488258618253,0.4488488258618253
2014-12-24,-0.5661059000545468,0.5661059000545468
2014-12-26,1.6582074205978425,1.6582074205978425
2014-12-29,-0.16425603559271562,0.16425603559271562
2014-12-30,-1.3218177309225199,1.3218177309225199
2014-12-31,-2.014252362936154,2.014252362936154
2015-01-02,-1.0498624584022473,1.0498624584022473
2015-01-05,-2.95165216609278,2.95165216609278
2015-01-06,-0.08463848007897101,0.08463848007897101
2015-01-07,1.298430994199937,1.298430994199937
2015-01-08,3.6762018816712088,3.6762018816712088
2015-01-09,0.013140918495768747,0.013140918495768747
2015-01-12,-2.588981706700926,2.588981706700926
2015-01-13,0.7899036460329061,0.7899036460329061
2015-01-14,-0.4758337398719747,0.4758337398719747
2015-01-15,-2.8455852182866734,2.8455852182866734
2015-01-16,-0.8740922891521294,0.8740922891521294
2015-01-20,2.4490521784664083,2.4490521784664083
2015-01-21,0.666479817952649,0.666479817952649
2015-01-22,2.474237339905465,2.474237339905465
2015-01-23,0.42063764184646396,0.42063764184646396
2015-01-26,0.012107320589795453,0.012107320589795453
2015-01-27,-3.65814193830495,3.65814193830495
2015-01-28,5.405219400587839,5.405219400587839
2015-01-29,2.9718151894650564,2.9718151894650564
2015-01-30,-1.5682779756264194,1.5682779756264194
2015-02-02,1.1528385694418513,1.1528385694418513
2015-02-03,-0.07719208102999342,0.07719208102999342
2015-02-04,0.669985651490393,0.669985651490393
2015-02-05,0.22327823055658308,0.22327823055658308
2015-02-06,-0.9397031020270323,0.9397031020270323
2015-02-09,0.5680100226283558,0.5680100226283558
2015-02-10,1.8088784720147475,1.8088784720147475
2015-02-11,2.2227812464409515,2.2227812464409515
2015-02-12,1.163227840422987,1.163227840422987
2015-02-13,0.39502587517876586,0.39502587517876586
2015-02-17,0.4943948759554347,0.4943948759554347
2015-02-18,0.5958903728202947,0.5958903728202947
2015-02-19,-0.3001432390362174,0.3001432390362174
2015-02-20,0.7162048780642538,0.7162048780642538
2015-02-23,2.57663598470974,2.57663598470974
2015-02-24,-0.7200653471099163,0.7200653471099163
2015-02-25,-2.6846299884197085,2.6846299884197085
2015-02-26,1.159800462823886,1.159800462823886
2015-02-27,-1.604459974129252,1.604459974129252
2015-03-02,0.3951765669910904,0.3951765669910904
2015-03-03,0.11488817311729416,0.11488817311729416
2015-03-04,-0.7299573344772121,0.7299573344772121
2015-03-05,-1.7650045454734506,1.7650045454734506
2015-03-06,0.05614191835489579,0.05614191835489579
2015-03-09,0.33158337791263404,0.33158337791263404
2015-03-10,-2.18433055630022,2.18433055630022
2015-03-11,-1.9340206565171505,1.9340206565171505
2015-03-12,1.697720537633016,1.697720537633016
2015-03-13,-0.7874891231017562,0.7874891231017562
2015-03-16,1.0003523660256561,1.0003523660256561
2015-03-17,1.564784219880368,1.564784219880368
2015-03-18,1.0252918525632082,1.0252918525632082
2015-03-19,-0.8558763919327677,0.8558763919327677
2015-03-20,-1.3529705112010357,1.3529705112010357
2015-03-23,0.941082509875729,0.941082509875729
2015-03-24,-0.5036604573218302,0.5036604573218302
2015-03-25,-2.7414631851529943,2.7414631851529943
2015-03-26,0.6005657039878503,0.6005657039878503
2015-03-27,-0.894086393669276,0.894086393669276
2015-03-30,2.4058800828729217,2.4058800828729217
2015-03-31,-1.641130100211018,1.641130100211018
2015-04-01,-0.23881418298624232,0.23881418298624232
2015-04-02,0.7634303088192145,0.7634303088192145
2015-04-06,1.5128237322414324,1.5128237322414324
2015-04-07,-1.1518430562924828,1.1518430562924828
2015-04-08,-0.4199512866564203,0.4199512866564203
2015-04-09,0.6673751966184791,0.6673751966184791
2015-04-10,0.33171761570039604,0.33171761570039604
2015-04-13,-0.2909390169178121,0.2909390169178121
2015-04-14,-0.5285754707906108,0.5285754707906108
2015-04-15,0.28527734805143595,0.28527734805143595
2015-04-16,-0.5763594935431062,0.5763594935431062
2015-04-17,-1.2258967327082537,1.2258967327082537
2015-04-20,2.164813826000077,2.164813826000077
2015-04-21,-0.636269510767711,0.636269510767711
2015-04-22,1.2443648865583439,1.2443648865583439
2015-04-23,0.7189942835015,0.7189942835015
2015-04-24,0.37527208281792074,0.37527208281792074
2015-04-27,1.7087602156655333,1.7087602156655333
2015-04-28,-1.6821687387012403,1.6821687387012403
2015-04-29,-1.575558380420146,1.575558380420146
2015-04-30,-2.844528557193353,2.844528557193353
2015-05-01,2.8971216430509714,2.8971216430509714
2015-05-04,-0.2881115744333432,0.2881115744333432
2015-05-05,-2.3731268354801416,2.3731268354801416
2015-05-06,-0.7240108182928915,0.7240108182928915
2015-05-07,0.10573449757343498,0.10573449757343498
2015-05-08,1.7725023323873446,1.7725023323873446
2015-05-11,-1.1179226511874918,1.1179226511874918
2015-05-12,-0.4548963976304882,0.4548963976304882
2015-05-13,0.021086687239876598,0.021086687239876598
2015-05-14,2.212296542669117,2.212296542669117
2015-05-15,-0.2337363060721819,0.2337363060721819
2015-05-18,1.002655660455254,1.002655660455254
2015-05-19,-0.1862652852716955,0.1862652852716955
2015-05-20,-0.10173826537042333,0.10173826537042333
2015-05-21,0.9233619193664289,0.9233619193664289
2015-05-22,0.7773988987289462,0.7773988987289462
2015-05-26,-2.3217891679571383,2.3217891679571383
2015-05-27,1.759518256234851,1.759518256234851
2015-05-28,-0.294940611436582,0.294940611436582
2015-05-29,-1.2388383096701716,1.2388383096701716
2015-06-01,0.10149116103860586,0.10149116103860586
2015-06-02,-0.5355177255640435,0.5355177255640435
2015-06-03,0.028989278519049227,0.028989278519049227
2015-06-04,-0.6798384355359837,0.6798384355359837
2015-06-05,-0.6444174560158933,0.6444174560158933
2015-06-08,-0.7569494803379431,0.7569494803379431
2015-06-09,-0.39183232741528556,0.39183232741528556
2015-06-10,1.0452524161316177,1.0452524161316177
2015-06-11,-0.31931886054319203,0.31931886054319203
2015-06-12,-1.2044772268752824,1.2044772268752824
2015-06-15,-0.2908305336721331,0.2908305336721331
2015-06-16,0.4402906176633901,0.4402906176633901
2015-06-17,-0.3294363366389248,0.3294363366389248
2015-06-18,0.3605320609219186,0.3605320609219186
2015-06-19,-1.1000312500625538,1.1000312500625538
2015-06-22,0.7005730016748604,0.7005730016748604
2015-06-23,-0.5495956729576208,0.5495956729576208
2015-06-24,0.7525492813912416,0.7525492813912416
2015-06-25,-0.5713403288922271,0.5713403288922271
2015-06-26,-0.6840220146248919,0.6840220146248919
2015-06-29,-1.86104897572961,1.86104897572961
2015-06-30,0.6220821618198926,0.6220821618198926
2015-07-01,0.8384041320698548,0.8384041320698548
2015-07-02,-0.2205120381719459,0.2205120381719459
2015-07-06,-0.44264784149996356,0.44264784149996356
2015-07-07,-0.34038470337925664,0.34038470337925664
2015-07-08,-2.607676060273296,2.607676060273296
2015-07-09,-2.1547887329507818,2.1547887329507818
2015-07-10,2.5442786950173004,2.5442786950173004
2015-07-13,1.8181157943879969,1.8181157943879969
2015-07-14,-0.1338476294699978,0.1338476294699978
2015-07-15,0.8646391553663104,0.8646391553663104
2015-07-16,1.2297466028103474,1.2297466028103474
2015-07-17,0.7659872661459577,0.7659872661459577
2015-07-20,1.7784494037082257,1.7784494037082257
2015-07-21,-1.0985480129741323,1.0985480129741323
2015-07-22,-4.415541064692859,4.415541064692859
2015-07-23,-0.14197695355437123,0.14197695355437123
2015-07-24,-0.6227700914979699,0.6227700914979699
2015-07-27,-1.493352773107445,1.493352773107445
2015-07-28,0.4015839569683405,0.4015839569683405
2015-07-29,-0.41064705462340867,0.41064705462340867
2015-07-30,-0.5994307275802973,0.5994307275802973
2015-07-31,-0.9722924066633003,0.9722924066633003
2015-08-03,-2.4800810735674523,2.4800810735674523
2015-08-04,-3.355021773253474,3.355021773253474
2015-08-05,0.5667072535022206,0.5667072535022206
2015-08-06,-0.3282927407486877,0.3282927407486877
2015-08-07,0.2441252439882423,0.2441252439882423
2015-08-10,3.47715098209214,3.47715098209214
2015-08-11,-5.438145369051133,5.438145369051133
2015-08-12,1.4361684884219459,1.4361684884219459
2015-08-13,-0.17217819686941027,0.17217819686941027
2015-08-14,0.606917976769977,0.606917976769977
2015-08-17,0.9354719887017262,0.9354719887017262
2015-08-18,-0.6589746972838084,0.6589746972838084
2015-08-19,-1.3812689920325876,1.3812689920325876
2015-08-20,-2.167391224529726,2.167391224529726
2015-08-21,-6.405378879393793,6.405378879393793
2015-08-24,-2.621951549150488,2.621951549150488
2015-08-25,0.5053912273261403,0.5053912273261403
2015-08-26,5.482993848092802,5.482993848092802
2015-08-27,2.8080899942985225,2.8080899942985225
2015-08-28,0.23308014810480798,0.23308014810480798
2015-08-31,-0.5629734658546084,0.5629734658546084
2015-09-01,-4.66668963215744,4.66668963215744
2015-09-02,4.105422114182782,4.105422114182782
2015-09-03,-1.8632127338554598,1.8632127338554598
2015-09-04,-1.0956972221199395,1.0956972221199395
2015-09-08,2.650052337323024,2.650052337323024
2015-09-09,-2.0360329745653205,2.0360329745653205
2015-09-10,2.0791679099299714,2.0791679099299714
2015-09-11,1.35231106767425,1.35231106767425
2015-09-14,0.8644796701448523,0.8644796701448523
2015-09-15,0.7436423888589698,0.7436423888589698
2015-09-16,0.017686855041370464,0.017686855041370464
2015-09-17,-2.256249261554462,2.256249261554462
2015-09-18,-0.5074734456875538,0.5074734456875538
2015-09-21,1.4453840805050735,1.4453840805050735
2015-09-22,-1.6775656775371057,1.6775656775371057
2015-09-23,0.7139644308899544,0.7139644308899544
2015-09-24,0.499009672257747,0.499009672257747
2015-09-25,-0.3465422089134475,0.3465422089134475
2015-09-28,-2.0927956273905743,2.0927956273905743
2015-09-29,-3.146205455947625,3.146205455947625
2015-09-30,1.036523874248058,1.036523874248058
2015-10-01,-0.7489548168247744,0.7489548168247744
2015-10-02,0.6333583882024945,0.6333583882024945
2015-10-05,0.26767965745420086,0.26767965745420086
2015-10-06,0.38323508811160617,0.38323508811160617
2015-10-07,-0.5713346919237223,0.5713346919237223
2015-10-08,-1.2562201367463004,1.2562201367463004
2015-10-09,2.270467902097144,2.270467902097144
2015-10-12,-0.558917436843776,0.558917436843776
2015-10-13,0.07605633159632383,0.07605633159632383
2015-10-14,-1.5174972597844592,1.5174972597844592
2015-10-15,1.3919954670930772,1.3919954670930772
2015-10-16,-0.8298090654008183,0.8298090654008183
2015-10-19,0.5254251781691524,0.5254251781691524
2015-10-20,1.7153121973317937,1.7153121973317937
2015-10-21,-0.10283985157550207,0.10283985157550207
2015-10-22,1.4239065887856843,1.4239065887856843
2015-10-23,2.958450816666667,2.958450816666667
2015-10-26,-3.337208247536965,3.337208247536965
2015-10-27,-0.7293040810822844,0.7293040810822844
2015-10-28,3.9437923672012505,3.9437923672012505
2015-10-29,0.9568355990614055,0.9568355990614055
2015-10-30,-0.9522811247747536,0.9522811247747536
2015-11-02,1.3020174126216946,1.3020174126216946
2015-11-03,1.0464753817170085,1.0464753817170085
2015-11-04,-0.560174863887783,0.560174863887783
2015-11-05,-0.9832372841059882,0.9832372841059882
2015-11-06,0.02166225332231754,0.02166225332231754
2015-11-09,-0.49962913533824865,0.49962913533824865
2015-11-10,-3.296480706065658,3.296480706065658
2015-11-11,-0.6608668467769376,0.6608668467769376
2015-11-12,-0.43050355500411164,0.43050355500411164
2015-11-13,-3.0583991022708243,3.0583991022708243
2015-11-16,1.526187394771523,1.526187394771523
2015-11-17,-0.519741094910814,0.519741094910814
2015-11-18,3.0233556373337827,3.0233556373337827
2015-11-19,1.1683044035239816,1.1683044035239816
2015-11-20,0.3427788497095581,0.3427788497095581
2015-11-23,-1.4018094226403972,1.4018094226403972
2015-11-24,0.8610350053861167,0.8610350053861167
2015-11-25,-0.8116249547532008,0.8116249547532008
2015-11-27,-0.2806170202010383,0.2806170202010383
2015-11-30,0.32101157072525655,0.32101157072525655
2015-12-01,-0.9088565505687822,0.9088565505687822
2015-12-02,-1.0015125826099316,1.0015125826099316
2015-12-03,-1.0271825447944953,1.0271825447944953
2015-12-04,3.1765315898936928,3.1765315898936928
2015-12-07,-0.7261365214572626,0.7261365214572626
2015-12-08,-0.13633131283151328,0.13633131283151328
2015-12-09,-2.326342623975265,2.326342623975265
2015-12-10,0.3805185851992642,0.3805185851992642
2015-12-11,-2.7015661830066287,2.7015661830066287
2015-12-14,-0.7144541671083695,0.7144541671083695
2015-12-15,-1.8790906956331923,1.8790906956331923
2015-12-16,0.6723065611217613,0.6723065611217613
2015-12-17,-2.2364701619470075,2.2364701619470075
2015-12-18,-2.8382804236306143,2.8382804236306143
2015-12-21,1.1245629536665591,1.1245629536665591
2015-12-22,-0.18726382804393898,0.18726382804393898
2015-12-23,1.1846926040829622,1.1846926040829622
2015-12-24,-0.629501598211178,0.629501598211178
2015-12-28,-1.2204289436329994,1.2204289436329994
2015-12-29,1.6874038787089651,1.6874038787089651
2015-12-30,-1.408518417941186,1.408518417941186
2015-12-31,-2.0322043650851,2.0322043650851
2016-01-04,-0.008583769449569609,0.008583769449569609
2016-01-05,-2.631915509154572,2.631915509154572
2016-01-06,-2.0704181472256975,2.0704181472256975
2016-01-07,-4.4061558391839215,4.4061558391839215
2016-01-08,0.43332849502055054,0.43332849502055054
2016-01-11,1.5122049994318225,1.5122049994318225
2016-01-12,1.3468537613307745,1.3468537613307745
2016-01-13,-2.698706801270434,2.698706801270434
2016-01-14,2.0694594998700833,2.0694594998700833
2016-01-15,-2.524883959569079,2.524883959569079
2016-01-19,-0.5791119016361761,0.5791119016361761
2016-01-20,0.04035187249986791,0.04035187249986791
2016-01-21,-0.6015862375978147,0.6015862375978147
2016-01-22,5.08614935437325,5.08614935437325
2016-01-25,-2.0656361183477965,2.0656361183477965
2016-01-26,0.4575235766241614,0.4575235766241614
2016-01-27,-6.890522393285664,6.890522393285664
2016-01-28,0.6205817925651669,0.6205817925651669
2016-01-29,3.3017735367573233,3.3017735367573233
2016-02-01,-1.0333145902075853,1.0333145902075853
2016-02-02,-2.1369682652246813,2.1369682652246813
2016-02-03,1.8658724952207721,1.8658724952207721
2016-02-04,0.16508483390362405,0.16508483390362405
2016-02-05,-2.8011713641548472,2.8011713641548472
2016-02-08,0.9534125603613193,0.9534125603613193
2016-02-09,-0.11510243356278496,0.11510243356278496
2016-02-10,-0.8549115513092735,0.8549115513092735
2016-02-11,-0.7005314182743088,0.7005314182743088
2016-02-12,0.2149706368772809,0.2149706368772809
2016-02-16,2.6863842535234235,2.6863842535234235
2016-02-17,1.4257987184723095,1.4257987184723095
2016-02-18,-2.0078853534385845,2.0078853534385845
2016-02-19,-0.3228590540971471,0.3228590540971471
2016-02-22,0.7767829872723544,0.7767829872723544
2016-02-23,-2.3805199268488715,2.3805199268488715
2016-02-24,1.384041996177731,1.384041996177731
2016-02-25,0.5903871746519105,0.5903871746519105
2016-02-26,0.060852898557139656,0.060852898557139656
2016-02-29,-0.3213226270063104,0.3213226270063104
2016-03-01,3.800570790281195,3.800570790281195
2016-03-02,0.12455123904029805,0.12455123904029805
2016-03-03,0.647609963598897,0.647609963598897
2016-03-04,1.3826774394699386,1.3826774394699386
2016-03-07,-1.2069078312687735,1.2069078312687735
2016-03-08,-0.9220486181394814,0.9220486181394814
2016-03-09,-0.005007006015420326,0.005007006015420326
2016-03-10,-0.044615819980893166,0.044615819980893166
2016-03-11,0.9775821414993551,0.9775821414993551
2016-03-14,0.15988138249564116,0.15988138249564116
2016-03-15,1.8953929245053476,1.8953929245053476
2016-03-16,1.226320840769947,1.226320840769947
2016-03-17,-0.25460137816062756,0.25460137816062756
2016-03-18,0.019307474543852357,0.019307474543852357
2016-03-21,-0.10349133521808757,0.10349133521808757
2016-03-22,0.6678407292675215,0.6678407292675215
2016-03-23,-0.648432241264318,0.648432241264318
2016-03-24,-0.5284225339852258,0.5284225339852258
2016-03-28,-0.5493289720817403,0.5493289720817403
2016-03-29,2.2455129126174285,2.2455129126174285
2016-03-30,1.6367980479399025,1.6367980479399025
2016-03-31,-0.6156707512717896,0.6156707512717896
2016-04-01,0.8192819648744423,0.8192819648744423
2016-04-04,0.92807478580025,0.92807478580025
2016-04-05,-1.2799596855527082,1.2799596855527082
2016-04-06,0.9477678377893464,0.9477678377893464
2016-04-07,-2.2991505390377958,2.2991505390377958
2016-04-08,0.016447446905759444,0.016447446905759444
2016-04-11,0.2367112493697165,0.2367112493697165
2016-04-12,1.2000537406758325,1.2000537406758325
2016-04-13,1.3443065310893432,1.3443065310893432
2016-04-14,-0.040511833285422016,0.040511833285422016
2016-04-15,-2.1216029266555694,2.1216029266555694
2016-04-18,-2.2751513102389325,2.2751513102389325
2016-04-19,-0.6257922740942654,0.6257922740942654
2016-04-20,0.11151932299975104,0.11151932299975104
2016-04-21,-1.18275131067828,1.18275131067828
2016-04-22,-0.3680872991735356,0.3680872991735356
2016-04-25,-0.6634193415791463,0.6634193415791463
2016-04-26,-0.7911829313190055,0.7911829313190055
2016-04-27,-6.5562076431059255,6.5562076431059255
2016-04-28,-3.1983738234635672,3.1983738234635672
2016-04-29,-1.2501320420136621,1.2501320420136621
2016-05-02,-0.200784789091059,0.200784789091059
2016-05-03,1.5371695051193888,1.5371695051193888
2016-05-04,-1.1396314877299378,1.1396314877299378
2016-05-05,-1.1077702686230015,1.1077702686230015
2016-05-06,-0.6533113155120764,0.6533113155120764
2016-05-09,-0.01858216854689053,0.01858216854689053
2016-05-10,0.5826081689813252,0.5826081689813252
2016-05-11,-1.072920630979537,1.072920630979537
2016-05-12,-2.467691457582976,2.467691457582976
2016-05-13,0.10499925198177118,0.10499925198177118
2016-05-16,3.5506052198425544,3.5506052198425544
2016-05-17,-0.5103390298659083,0.5103390298659083
2016-05-18,1.0439576935503154,1.0439576935503154
2016-05-19,-0.4754870094531326,0.4754870094531326
2016-05-20,0.9829324164994571,0.9829324164994571
2016-05-23,1.1686854736859824,1.1686854736859824
2016-05-24,1.4188694995110978,1.4188694995110978
2016-05-25,1.6475900089612012,1.6475900089612012
2016-05-26,0.6958358227146835,0.6958358227146835
2016-05-27,-0.15382266680585002,0.15382266680585002
2016-05-31,-0.583536818894454,0.583536818894454
2016-06-01,-1.5059328761469453,1.5059328761469453
2016-06-02,-0.8484625959575463,0.8484625959575463
2016-06-03,0.11040743554155796,0.11040743554155796
2016-06-06,0.6284158182825472,0.6284158182825472
2016-06-07,0.31068615482486495,0.31068615482486495
2016-06-08,-0.18497267527094824,0.18497267527094824
2016-06-09,0.6209942840180516,0.6209942840180516
2016-06-10,-0.9203342289771872,0.9203342289771872
2016-06-13,-1.6131696001844826,1.6131696001844826
2016-06-14,0.029153499099116548,0.029153499099116548
2016-06-15,-0.42292985168219704,0.42292985168219704
2016-06-16,0.32713321324607764,0.32713321324607764
2016-06-17,-2.3961008582694046,2.3961008582694046
2016-06-20,-0.3356084973202851,0.3356084973202851
2016-06-21,0.7540784169454491,0.7540784169454491
2016-06-22,-0.4701079072638362,0.4701079072638362
2016-06-23,0.4799147270904189,0.4799147270904189
2016-06-24,-2.9438468760510412,2.9438468760510412
2016-06-27,-1.5608578086692455,1.5608578086692455
2016-06-28,1.5759776982939304,1.5759776982939304
2016-06-29,0.7677034963229274,0.7677034963229274
2016-06-30,1.1691248886839916,1.1691248886839916
2016-07-01,0.20883830891737082,0.20883830891737082
2016-07-05,-1.0370576282559398,1.0370576282559398
2016-07-06,0.4728213360765419,0.4728213360765419
2016-07-07,0.33421637729400794,0.33421637729400794
2016-07-08,0.6743061742303866,0.6743061742303866
2016-07-11,0.2157717822863272,0.2157717822863272
2016-07-12,0.3586258682129635,0.3586258682129635
2016-07-13,-0.6602152959163705,0.6602152959163705
2016-07-14,1.8686013599028364,1.8686013599028364
2016-07-15,-0.10417279629645725,0.10417279629645725
2016-07-18,0.9633086216794358,0.9633086216794358
2016-07-19,-0.05398971123511097,0.05398971123511097
2016-07-20,-0.0039732307352296214,0.0039732307352296214
2016-07-21,-0.6256724993829983,0.6256724993829983
2016-07-22,-0.8714781205450828,0.8714781205450828
2016-07-25,-1.4410089419344547,1.4410089419344547
2016-07-26,-0.7847385947854866,0.7847385947854866
2016-07-27,6.199981897822367,6.199981897822367
2016-07-28,1.2470866101387632,1.2470866101387632
2016-07-29,-0.21872016089712737,0.21872016089712737
2016-08-01,1.6562088987294812,1.6562088987294812
2016-08-02,-1.5855513501631067,1.5855513501631067
2016-08-03,1.1519833451501655,1.1519833451501655
2016-08-04,-0.018456866245557868,0.018456866245557868
2016-08-05,1.4152359372941357,1.4152359372941357
2016-08-08,0.7306016168552634,0.7306016168552634
2016-08-09,0.31114460089561236,0.31114460089561236
2016-08-10,-0.8412512857761716,0.8412512857761716
2016-08-11,-0.15888563060253164,0.15888563060253164
2016-08-12,0.13731395869652802,0.13731395869652802
2016-08-15,1.1004879710136837,1.1004879710136837
2016-08-16,-0.18543242729124082,0.18543242729124082
2016-08-17,-0.24043592136796627,0.24043592136796627
2016-08-18,-0.22231367656805526,0.22231367656805526
2016-08-19,0.1623136419245788,0.1623136419245788
2016-08-22,-0.8743355802638448,0.8743355802638448
2016-08-23,0.21879550293794425,0.21879550293794425
2016-08-24,-0.8502319370723463,0.8502319370723463
2016-08-25,-0.5207665904040177,0.5207665904040177
2016-08-26,-0.6814366942389181,0.6814366942389181
2016-08-29,-0.20632526280219274,0.20632526280219274
2016-08-30,-0.8646578818617707,0.8646578818617707
2016-08-31,0.0002453488809713994,0.0002453488809713994
2016-09-01,0.49797372868755946,0.49797372868755946
2016-09-02,0.8385317961166867,0.8385317961166867
2016-09-06,-0.12190107628189865,0.12190107628189865
2016-09-07,0.5168935035490874,0.5168935035490874
2016-09-08,-2.7499006826895886,2.7499006826895886
2016-09-09,-2.385067810014221,2.385067810014221
2016-09-12,2.1211244407158794,2.1211244407158794
2016-09-13,2.2585588187558776,2.2585588187558776
2016-09-14,3.383453341764306,3.383453341764306
2016-09-15,3.2492720570769165,3.2492720570769165
2016-09-16,-0.6580670895321734,0.6580670895321734
2016-09-19,-1.2669297680862999,1.2669297680862999
2016-09-20,-0.10285455647922413,0.10285455647922413
2016-09-21,-0.11166163710480667,0.11166163710480667
2016-09-22,0.8438542552963335,0.8438542552963335
2016-09-23,-1.7744658888664884,1.7744658888664884
2016-09-26,0.056666127151069,0.056666127151069
2016-09-27,0.091815631961643,0.091815631961643
2016-09-28,0.6635295789397073,0.6635295789397073
2016-09-29,-1.659552963056299,1.659552963056299
2016-09-30,0.6784976624727295,0.6784976624727295
2016-10-03,-0.5639713121383372,0.5639713121383372
2016-10-04,0.3316337071623813,0.3316337071623813
2016-10-05,-0.04981180074224868,0.04981180074224868
2016-10-06,0.6462373543220232,0.6462373543220232
2016-10-07,0.05510574230724649,0.05510574230724649
2016-10-10,1.6356008972992544,1.6356008972992544
2016-10-11,0.12114287851120173,0.12114287851120173
2016-10-12,0.7962145954034425,0.7962145954034425
2016-10-13,-0.40132215018947853,0.40132215018947853
2016-10-14,0.46006269384095794,0.46006269384095794
2016-10-17,-0.16208280053320945,0.16208280053320945
2016-10-18,-0.16212911693445745,0.16212911693445745
2016-10-19,-0.3924429641853737,0.3924429641853737
2016-10-20,-0.14529243689872828,0.14529243689872828
2016-10-21,-0.48778479657435153,0.48778479657435153
2016-10-24,0.802434323791902,0.802434323791902
2016-10-25,0.4146414179610231,0.4146414179610231
2016-10-26,-2.3692078084927015,2.3692078084927015
2016-10-27,-1.058981007704107,1.058981007704107
2016-10-28,-0.7601346484457108,0.7601346484457108
2016-10-31,-0.2524587059279495,0.2524587059279495
2016-11-01,-1.9160794982160843,1.9160794982160843
2016-11-02,-0.004395860093092049,0.004395860093092049
2016-11-03,-1.6838222416416015,1.6838222416416015
2016-11-04,-0.9995299904269535,0.9995299904269535
2016-11-07,1.3381297516939397,1.3381297516939397
2016-11-08,0.49293883433548386,0.49293883433548386
2016-11-09,-0.2562558390928704,0.2562558390928704
2016-11-10,-2.9204143667116647,2.9204143667116647
2016-11-11,0.49794156714928545,0.49794156714928545
2016-11-14,-2.634580572257972,2.634580572257972
2016-11-15,1.2216349976905965,1.2216349976905965
2016-11-16,2.55926107734263,2.55926107734263
2016-11-17,-0.13042335873156624,0.13042335873156624
2016-11-18,0.005945661178186942,0.005945661178186942
2016-11-21,1.4119076908573251,1.4119076908573251
2016-11-22,-0.03141838573084227,0.03141838573084227
2016-11-23,-0.6051929136121477,0.6051929136121477
2016-11-25,0.4081483659235749,0.4081483659235749
2016-11-28,-0.2910412696206771,0.2910412696206771
2016-11-29,-0.19269124827586764,0.19269124827586764
2016-11-30,-0.9409780105235097,0.9409780105235097
2016-12-01,-1.0303777188942909,1.0303777188942909
2016-12-02,0.2797142505181519,0.2797142505181519
2016-12-05,-0.8154811761629046,0.8154811761629046
2016-12-06,0.6728671314702137,0.6728671314702137
2016-12-07,0.8834220046343546,0.8834220046343546
2016-12-08,0.8828793211352592,0.8828793211352592
2016-12-09,1.5249531376045053,1.5249531376045053
2016-12-12,-0.6661085676793363,0.6661085676793363
2016-12-13,1.5603272885393713,1.5603272885393713
2016-12-14,-0.09404980190606488,0.09404980190606488
2016-12-15,0.4513824840168123,0.4513824840168123
2016-12-16,0.035377715190747006,0.035377715190747006
2016-12-19,0.48202332726754443,0.48202332726754443
2016-12-20,0.17137267507793097,0.17137267507793097
2016-12-21,-3.671861737369886e-05,3.671861737369886e-05
2016-12-22,-0.7540050577183648,0.7540050577183648
2016-12-23,0.10353627672212101,0.10353627672212101
2016-12-27,0.5390261425774503,0.5390261425774503
2016-12-28,-0.5213643569215669,0.5213643569215669
2016-12-29,-0.11974683404027708,0.11974683404027708
2016-12-30,-0.8766811885988925,0.8766811885988925
2017-01-03,0.19046993997138534,0.19046993997138534
2017-01-04,-0.2060367197560632,0.2060367197560632
2017-01-05,0.413194547526263,0.413194547526263
2017-01-06,1.01460900372799,1.01460900372799
2017-01-09,0.8177336359419396,0.8177336359419396
2017-01-10,0.006748190668680862,0.006748190668680862
2017-01-11,0.4418302379154519,0.4418302379154519
2017-01-12,-0.5124604541634634,0.5124604541634634
2017-01-13,-0.2703056702729422,0.2703056702729422
2017-01-17,0.7091673678203605,0.7091673678203605
2017-01-18,-0.10238348248091085,0.10238348248091085
2017-01-19,-0.2692177159041756,0.2692177159041756
2017-01-20,0.08945179266689834,0.08945179266689834
2017-01-23,-0.027405347590020196,0.027405347590020196
2017-01-24,-0.1856973817430449,0.1856973817430449
2017-01-25,1.4854744571610887,1.4854744571610887
2017-01-26,-0.04483316568988136,0.04483316568988136
2017-01-27,-0.08584938368013952,0.08584938368013952
2017-01-30,-0.3567973050644981,0.3567973050644981
2017-01-31,-0.32452154767953284,0.32452154767953284
2017-02-01,5.825310935217456,5.825310935217456
2017-02-02,-0.2650697440865689,0.2650697440865689
2017-02-03,0.3329529042660059,0.3329529042660059
2017-02-06,0.8389870012018403,0.8389870012018403
2017-02-07,0.853172924678651,0.853172924678651
2017-02-08,0.2929446485244277,0.2929446485244277
2017-02-09,0.193328449264713,0.193328449264713
2017-02-10,-0.32085869931716926,0.32085869931716926
2017-02-13,0.7876107074277179,0.7876107074277179
2017-02-14,1.1955211978737115,1.1955211978737115
2017-02-15,0.26820247018372045,0.26820247018372045
2017-02-16,-0.21588622391093887,0.21588622391093887
2017-02-17,0.18263677823950164,0.18263677823950164
2017-02-21,0.6254305794813722,0.6254305794813722
2017-02-22,0.20542816195993552,0.20542816195993552
2017-02-23,-0.5179650690964046,0.5179650690964046
2017-02-24,0.0011220636911272591,0.0011220636911272591
2017-02-27,0.10332589724494584,0.10332589724494584
2017-02-28,-0.05024138999046908,0.05024138999046908
2017-03-01,1.9292868000678156,1.9292868000678156
2017-03-02,-0.6895672569248144,0.6895672569248144
2017-03-03,0.4943138097072816,0.4943138097072816
2017-03-06,-0.40932664660707657,0.40932664660707657
2017-03-07,0.035047253963616104,0.035047253963616104
2017-03-08,-0.46745250490384443,0.46745250490384443
2017-03-09,-0.32453103329296323,0.32453103329296323
2017-03-10,0.23710016596118783,0.23710016596118783
2017-03-13,-0.05093706142365826,0.05093706142365826
2017-03-14,-0.2450257822713124,0.2450257822713124
2017-03-15,0.9580264615146994,0.9580264615146994
2017-03-16,0.06956396391868053,0.06956396391868053
2017-03-17,-0.5928394921448559,0.5928394921448559
2017-03-20,0.9505502102049337,0.9505502102049337
2017-03-21,-1.2458577719679274,1.2458577719679274
2017-03-22,1.0294776249808562,1.0294776249808562
2017-03-23,-0.4482330722118536,0.4482330722118536
2017-03-24,-0.2929417555230727,0.2929417555230727
2017-03-27,0.07645322320233203,0.07645322320233203
2017-03-28,1.9574483079935037,1.9574483079935037
2017-03-29,0.12823425738855504,0.12823425738855504
2017-03-30,-0.22597136243737603,0.22597136243737603
2017-03-31,-0.2818171646984583,0.2818171646984583
2017-04-03,-0.06621015807370526,0.06621015807370526
2017-04-04,0.6477985061912386,0.6477985061912386
2017-04-05,-0.6134595364292135,0.6134595364292135
2017-04-06,-0.34432801931259743,0.34432801931259743
2017-04-07,-0.317046409994301,0.317046409994301
2017-04-10,-0.21271932125977752,0.21271932125977752
2017-04-11,-1.175521016499168,1.175521016499168
2017-04-12,0.02590928526615499,0.02590928526615499
2017-04-13,-0.6243674669082526,0.6243674669082526
2017-04-17,0.45742218394503525,0.45742218394503525
2017-04-18,-0.539233026643533,0.539233026643533
2017-04-19,-0.4630015472420476,0.4630015472420476
2017-04-20,1.1492552784734513,1.1492552784734513
2017-04-21,-0.2134695765561954,0.2134695765561954
2017-04-24,0.8643010675745557,0.8643010675745557
2017-04-25,0.5236431083808062,0.5236431083808062
2017-04-26,-0.6838991925921742,0.6838991925921742
2017-04-27,-0.017520073330064057,0.017520073330064057
2017-04-28,-0.1914614433411586,0.1914614433411586
2017-05-01,1.9251071053344873,1.9251071053344873
2017-05-02,0.5384117575192826,0.5384117575192826
2017-05-03,-0.3995801342942086,0.3995801342942086
2017-05-04,-0.45509791372030894,0.45509791372030894
2017-05-05,1.5507129859762532,1.5507129859762532
2017-05-08,2.5884967185904353,2.5884967185904353
2017-05-09,0.544388848753885,0.544388848753885
2017-05-10,-0.5692337717124041,0.5692337717124041
2017-05-11,0.35515508091905246,0.35515508091905246
2017-05-12,1.2928455131816396,1.2928455131816396
2017-05-15,-0.3506246700494406,0.3506246700494406
2017-05-16,-0.24187898973638985,0.24187898973638985
2017-05-17,-3.50927115653931,3.50927115653931
2017-05-18,1.4185785301714957,1.4185785301714957
2017-05-19,0.246264662662195,0.246264662662195
2017-05-22,0.5117165839485789,0.5117165839485789
2017-05-23,-0.21751061878385197,0.21751061878385197
2017-05-24,-0.3935876959855906,0.3935876959855906
2017-05-25,0.250991391947772,0.250991391947772
2017-05-26,-0.26316653272932017,0.26316653272932017
2017-05-30,-0.05499747128739288,0.05499747128739288
2017-05-31,-0.6879881728986124,0.6879881728986124
2017-06-01,0.18051401050715493,0.18051401050715493
2017-06-02,1.376993800425462,1.376993800425462
2017-06-05,-1.0766680901840244,1.0766680901840244
2017-06-06,0.2431967723546728,0.2431967723546728
2017-06-07,0.4998451720258526,0.4998451720258526
2017-06-08,-0.3389268414010982,0.3389268414010982
2017-06-09,-4.048902797988992,4.048902797988992
2017-06-12,-2.5126459545280153,2.5126459545280153
2017-06-13,0.7072969060968319,0.7072969060968319
2017-06-14,-1.0743489976130878,1.0743489976130878
2017-06-15,-0.6951917054765857,0.6951917054765857
2017-06-16,-1.5039000665149262,1.5039000665149262
2017-06-19,2.7265522773747555,2.7265522773747555
2017-06-20,-1.0070473915140834,1.0070473915140834
2017-06-21,0.49726105192575404,0.49726105192575404
2017-06-22,-0.2587153622693561,0.2587153622693561
2017-06-23,0.35129367676307993,0.35129367676307993
2017-06-26,-0.40901069219568686,0.40901069219568686
2017-06-27,-1.5376942834204421,1.5376942834204421
2017-06-28,1.3564522143272837,1.3564522143272837
2017-06-29,-1.5793453190645017,1.5793453190645017
2017-06-30,0.1423076247770586,0.1423076247770586
2017-07-03,-0.45576416401057024,0.45576416401057024
2017-07-05,0.3162571126106382,0.3162571126106382
2017-07-06,-1.0423868722226353,1.0423868722226353
2017-07-07,0.9167287315694972,0.9167287315694972
2017-07-10,0.5144432939773169,0.5144432939773169
2017-07-11,0.2294302970907931,0.2294302970907931
2017-07-12,0.05014632978407571,0.05014632978407571
2017-07-13,1.2892300654345825,1.2892300654345825
2017-07-14,0.7617217358729713,0.7617217358729713
2017-07-17,0.254242579651932,0.254242579651932
2017-07-18,0.2530337129940968,0.2530337129940968
2017-07-19,0.5303295098304293,0.5303295098304293
2017-07-20,-0.5453380645017408,0.5453380645017408
2017-07-21,-0.14062177307482915,0.14062177307482915
2017-07-24,1.109827682758149,1.109827682758149
2017-07-25,0.33241805569001226,0.33241805569001226
2017-07-26,0.37623192702204633,0.37623192702204633
2017-07-27,-2.0018768931510333,2.0018768931510333
2017-07-28,-0.8005781025389065,0.8005781025389065
2017-07-31,-0.610430924529525,0.610430924529525
2017-08-01,6.324917588694247,6.324917588694247
2017-08-02,-1.0125625781894776,1.0125625781894776
2017-08-03,-1.0981834667706034,1.0981834667706034
2017-08-04,0.4316598330033518,0.4316598330033518
2017-08-07,1.441513365537052,1.441513365537052
2017-08-08,0.7024673133862067,0.7024673133862067
2017-08-09,0.516277807286021,0.516277807286021
2017-08-10,-3.7229959522993017,3.7229959522993017
2017-08-11,1.28704631930096,1.28704631930096
2017-08-14,1.3996911411253128,1.3996911411253128
2017-08-15,0.9947772562083843,0.9947772562083843
2017-08-16,-0.4970886361238571,0.4970886361238571
2017-08-17,-2.032569148362131,2.032569148362131
2017-08-18,-0.32236040336293925,0.32236040336293925
2017-08-21,-0.27834650813257933,0.27834650813257933
2017-08-22,1.52748798314126,1.52748798314126
2017-08-23,0.031044034771933543,0.031044034771933543
2017-08-24,-0.5388430176046499,0.5388430176046499
2017-08-25,0.27570589151224756,0.27570589151224756
2017-08-28,0.9080436676595967,0.9080436676595967
2017-08-29,0.793803616548767,0.793803616548767
2017-08-30,0.17567389499405106,0.17567389499405106
2017-08-31,0.3030791758058657,0.3030791758058657
2017-09-01,-0.06356664361482661,0.06356664361482661
2017-09-05,-1.302171692579806,1.302171692579806
2017-09-06,-0.19899132207729067,0.19899132207729067
2017-09-07,-0.49631540608457747,0.49631540608457747
2017-09-08,-1.7384020855572746,1.7384020855572746
2017-09-11,1.6990198223286639,1.6990198223286639
2017-09-12,-0.4911219205848824,0.4911219205848824
2017-09-13,-0.8491000334192573,0.8491000334192573
2017-09-14,-0.9558800662628173,0.9558800662628173
2017-09-15,0.911741930683865,0.911741930683865
2017-09-18,-0.8537458116185253,0.8537458116185253
2017-09-19,-0.05624261809089236,0.05624261809089236
2017-09-20,-1.7840519048748393,1.7840519048748393
2017-09-21,-1.8261424813505376,1.8261424813505376
2017-09-22,-1.0767621129150715,1.0767621129150715
2017-09-25,-0.9801817741245171,0.9801817741245171
2017-09-26,1.6116782738173703,1.6116782738173703
2017-09-27,0.615196103148496,0.615196103148496
2017-09-28,-0.711917853203313,0.711917853203313
2017-09-29,0.4524707516345842,0.4524707516345842
2017-10-02,-0.29539433132986187,0.29539433132986187
2017-10-03,0.3406065637479357,0.3406065637479357
2017-10-04,-0.7434870760568066,0.7434870760568066
2017-10-05,1.1427322400830386,1.1427322400830386
2017-10-06,-0.1519853663061887,0.1519853663061887
2017-10-09,0.2530611720522951,0.2530611720522951
2017-10-10,-0.055556184955474625,0.055556184955474625
2017-10-11,0.3220173689623261,0.3220173689623261
2017-10-12,-0.44599385419383414,0.44599385419383414
2017-10-13,0.5385603783628596,0.5385603783628596
2017-10-16,1.730092677183582,1.730092677183582
2017-10-17,0.2742977349084938,0.2742977349084938
2017-10-18,-0.5374818122769364,0.5374818122769364
2017-10-19,-2.4885393224268495,2.4885393224268495
2017-10-20,0.07889966950982738,0.07889966950982738
2017-10-23,-0.14526291358171464,0.14526291358171464
2017-10-24,0.49968897427603814,0.49968897427603814
2017-10-25,-0.5342278594485934,0.5342278594485934
2017-10-26,0.5432603661519293,0.5432603661519293
2017-10-27,3.426253784953758,3.426253784953758
2017-10-30,2.131835831061328,2.131835831061328
2017-10-31,1.2879116723738402,1.2879116723738402
2017-11-01,-1.3740958571550428,1.3740958571550428
2017-11-02,0.634311627059521,0.634311627059521
2017-11-03,2.4838211407386446,2.4838211407386446
2017-11-06,0.9153315150158257,0.9153315150158257
2017-11-07,0.2268122163398566,0.2268122163398566
2017-11-08,0.7206534651934455,0.7206534651934455
2017-11-09,-0.2985256200539017,0.2985256200539017
2017-11-10,-0.7843962891368585,0.7843962891368585
2017-11-13,-0.49561069029031857,0.49561069029031857
2017-11-14,-1.6173482039621618,1.6173482039621618
2017-11-15,-1.4218408856369293,1.4218408856369293
2017-11-16,1.0935707180497887,1.0935707180497887
2017-11-17,-0.6508277970293668,0.6508277970293668
2017-11-20,-0.19401158954952968,0.19401158954952968
2017-11-21,1.7479234698086916,1.7479234698086916
2017-11-22,0.9516362561824154,0.9516362561824154
2017-11-24,-0.08833437310447274,0.08833437310447274
2017-11-27,-0.5982621804962491,0.5982621804962491
2017-11-28,-0.681676795277959,0.681676795277959
2017-11-29,-2.190170919760997,2.190170919760997
2017-11-30,1.2946579518423873,1.2946579518423873
2017-12-01,-0.5606589891289706,0.5606589891289706
2017-12-04,-0.827513556542737,0.827513556542737
2017-12-05,-0.18832272899177216,0.18832272899177216
2017-12-06,-0.4661157855313886,0.4661157855313886
2017-12-07,0.089203286352567,0.089203286352567
2017-12-08,-0.06452427687537124,0.06452427687537124
2017-12-11,1.8356089502248292,1.8356089502248292
2017-12-12,-0.6573988539969648,0.6573988539969648
2017-12-13,0.23737475357874643,0.23737475357874643
2017-12-14,-0.12307822093193706,0.12307822093193706
2017-12-15,0.9169643269379095,0.9169643269379095
2017-12-18,1.3044147255101197,1.3044147255101197
2017-12-19,-1.1654072114516194,1.1654072114516194
2017-12-20,-0.20296666325657486,0.20296666325657486
2017-12-21,0.2837844007345251,0.2837844007345251
2017-12-22,-0.09404980190606488,0.09404980190606488
2017-12-26,-2.663784351434505,2.663784351434505
2017-12-27,-0.07646326142634673,0.07646326142634673
2017-12-28,0.1869150282068694,0.1869150282068694
2017-12-29,-1.1813044957774235,1.1813044957774235
2018-01-02,1.6805728921972511,1.6805728921972511
2018-01-03,-0.1114668532433135,0.1114668532433135
2018-01-04,0.36936990018413646,0.36936990018413646
2018-01-05,1.0380486035896457,1.0380486035896457
2018-01-08,-0.46616988209146054,0.46616988209146054
2018-01-09,-0.10552163855968685,0.10552163855968685
2018-01-10,-0.11699742405943968,0.11699742405943968
2018-01-11,0.47236187345601516,0.47236187345601516
2018-01-12,0.933288461443587,0.933288461443587
2018-01-16,-0.6035617737230581,0.6035617737230581
2018-01-17,1.5440852845067674,1.5440852845067674
2018-01-18,-0.0047541156511088645,0.0047541156511088645
2018-01-19,-0.5413277476270832,0.5413277476270832
2018-01-22,-0.9155251917236893,0.9155251917236893
2018-01-23,-0.07145348500956498,0.07145348500956498
2018-01-24,-1.6997325371108898,1.6997325371108898
2018-01-25,-1.8952741865927483,1.8952741865927483
2018-01-26,0.13944513810498851,0.13944513810498851
2018-01-29,-2.185621614705765,2.185621614705765
2018-01-30,-0.6852198274187478,0.6852198274187478
2018-01-31,0.18106998885256748,0.18106998885256748
2018-02-01,0.11477459306360355,0.11477459306360355
2018-02-02,-4.530015286713868,4.530015286713868
2018-02-05,-2.624233041405056,2.624233041405056
2018-02-06,4.000162475742165,4.000162475742165
2018-02-07,-2.2580056487640157,2.2580056487640157
